,0,1
1,experience,344
2,media,341
3,digital,264
4,work,260
5,data,257
6,news,233
7,skills,213
8,content,207
9,team,204
10,social,184
11,ability,176
12,including,154
13,journalism,132
14,program,118
15,research,113
16,working,110
17,new,105
18,strong,104
19,business,103
20,marketing,100
21,writing,96
22,stories,94
23,platforms,94
24,information,93
25,required,93
26,help,90
27,years,89
28,status,87
29,knowledge,84
30,audience,82
31,management,82
32,journalists,80
33,public,80
34,video,79
35,opportunity,77
36,editorial,76
37,understanding,73
38,position,72
39,create,71
40,develop,71
41,responsibilities,69
42,communications,69
43,degree,69
44,support,68
45,local,66
46,national,66
47,job,65
48,newsroom,63
49,editing,61
50,communication,61
51,company,61
52,production,61
53,environment,60
54,people,60
55,analysis,59
56,gender,58
57,development,58
58,equal,57
59,use,57
60,professional,57
61,best,57
62,tools,55
63,staff,54
64,disability,53
65,events,53
66,online,52
67,build,52
68,excellent,51
69,role,51
70,community,51
71,looking,50
72,employer,50
73,application,49
74,creative,49
75,qualifications,49
76,editor,49
77,coverage,48
78,religion,48
79,technology,48
80,programs,48
81,manage,47
82,story,47
83,employment,47
84,strategy,47
85,color,46
86,age,46
87,world,46
88,least,46
89,responsible,46
90,engagement,46
91,financial,46
92,projects,46
93,diverse,45
94,relations,45
95,related,45
96,school,44
97,candidate,43
98,time,43
99,journalist,43
100,race,43
101,origin,43
102,multiple,43
103,reporting,43
104,using,42
105,practices,42
106,organization,42
107,education,42
108,coordinator,42
109,produce,41
110,opportunities,41
111,global,41
112,managing,41
113,under,41
114,students,41
115,industry,40
116,veteran,40
117,key,40
118,group,40
119,reports,40
120,ideas,40
121,demonstrated,40
122,senior,40
123,candidates,39
124,culture,39
125,arts,39
126,plus,39
127,relevant,38
128,web,37
129,committed,37
130,orientation,37
131,building,37
132,leadership,37
133,applicants,37
134,analytics,37
135,write,37
136,like,37
137,innovative,36
138,interest,36
139,sexual,36
140,identity,36
141,learn,36
142,daily,36
143,into,35
144,market,35
145,protected,35
146,strategies,35
147,provide,35
148,chicago,35
149,developing,35
150,university,35
151,radio,34
152,clients,34
153,programming,34
154,brand,34
155,cover,34
156,should,34
157,manager,34
158,duties,34
159,qualified,33
160,requirements,33
161,sex,33
162,science,33
163,lead,33
164,include,33
165,ensure,33
166,email,33
167,make,33
168,high,33
169,apply,33
170,markets,32
171,product,32
172,applications,32
173,leading,32
174,employees,32
175,music,32
176,results,31
177,part,31
178,issues,31
179,office,31
180,campaigns,31
181,design,31
182,growing,30
183,top,30
184,free,30
185,around,30
186,strategic,30
187,planning,30
188,journal,30
189,international,30
190,assigned,30
191,meet,30
192,multimedia,30
193,successful,29
194,teams,29
195,deep,29
196,analyst,29
197,based,29
198,letter,29
199,broadcast,29
200,systems,29
201,join,28
202,project,28
203,member,28
204,collaborate,28
205,closely,28
206,growth,28
207,critical,28
208,edit,28
209,benefits,28
210,youll,28
211,google,28
212,producing,28
213,leaders,28
214,reach,27
215,deadlines,27
216,stations,27
217,learning,27
218,providing,27
219,individuals,27
220,law,27
221,areas,27
222,basis,27
223,quality,27
224,fastpaced,26
225,person,26
226,proven,26
227,internet,26
228,real,26
229,mission,26
230,service,26
231,participants,26
232,ideal,25
233,software,25
234,facebook,25
235,compelling,25
236,solutions,25
237,personal,25
238,wide,25
239,serve,25
240,director,25
241,execute,25
242,passion,25
243,understand,25
244,open,25
245,maintain,25
246,know,25
247,process,25
248,marital,24
249,creating,24
250,regard,24
251,most,24
252,bring,24
253,state,24
254,impact,24
255,audiences,24
256,familiarity,24
257,applicant,24
258,minimum,24
259,city,24
260,editors,24
261,plan,24
262,live,24
263,services,24
264,storytelling,24
265,initiatives,24
266,department,24
267,cipe,24
268,original,23
269,breaking,23
270,twitter,23
271,videos,23
272,organizational,23
273,network,23
274,companies,23
275,engage,23
276,expression,23
277,products,23
278,federal,23
279,accommodation,23
280,journalistic,23
281,press,23
282,deadline,23
283,bachelor,23
284,field,23
285,mobile,23
286,spirit,23
287,technologies,23
288,hours,23
289,written,23
290,activities,23
291,conduct,23
292,event,23
293,internship,23
294,paid,23
295,youth,23
296,description,22
297,adobe,22
298,operations,22
299,goals,22
300,highly,22
301,core,22
302,policy,22
303,considered,22
304,applicable,22
305,standards,22
306,food,22
307,analyze,22
308,academic,22
309,assist,22
310,special,22
311,engaging,22
312,various,21
313,television,21
314,client,21
315,name,21
316,future,21
317,life,21
318,contribute,21
319,reasonable,21
320,country,21
321,website,21
322,relationships,21
323,reporters,21
324,essential,21
325,attention,21
326,variety,21
327,organizations,21
328,bachelors,21
329,timely,21
330,track,21
331,get,20
332,focus,20
333,primary,20
334,talent,20
335,find,20
336,drive,20
337,better,20
338,street,20
339,demonstrate,20
340,would,20
341,current,20
342,detail,20
343,competitive,20
344,commitment,20
345,show,20
346,channels,20
347,forrester,20
348,want,19
349,report,19
350,advertising,19
351,genetic,19
352,health,19
353,travel,19
354,technical,19
355,analysts,19
356,disabilities,19
357,professionals,19
358,comfortable,19
359,wall,19
360,background,19
361,includes,19
362,collaboration,19
363,works,19
364,analytical,19
365,investigative,19
366,maintaining,19
367,additional,19
368,after,19
369,range,19
370,career,19
371,independent,19
372,take,19
373,unique,18
374,enterprise,18
375,interpersonal,18
376,largest,18
377,college,18
378,consideration,18
379,implement,18
380,making,18
381,insights,18
382,trends,18
383,jones,18
384,sports,18
385,contact,18
386,platform,18
387,here,18
388,search,18
389,participate,18
390,year,18
391,teaching,18
392,partners,18
393,materials,18
394,members,18
395,administrative,18
396,chi,18
397,sources,17
398,communities,17
399,code,17
400,general,17
401,big,17
402,following,17
403,decisions,17
404,performance,17
405,values,17
406,supporting,17
407,success,17
408,external,17
409,ap,17
410,provides,17
411,politics,17
412,fulltime,17
413,training,17
414,offers,17
415,package,17
416,washington,17
417,exceptional,17
418,tasks,17
419,addition,17
420,graduate,17
421,corporate,17
422,finance,17
423,fellowship,17
424,change,17
425,emerging,17
426,campaign,17
427,entercom,17
428,producer,16
429,consumers,16
430,value,16
431,statement,16
432,receive,16
433,challenges,16
434,execution,16
435,vision,16
436,internal,16
437,thinking,16
438,processes,16
439,diversity,16
440,excellence,16
441,access,16
442,brands,16
443,day,16
444,innovation,16
445,great,16
446,seeking,16
447,resume,16
448,aspects,16
449,times,16
450,love,16
451,serving,16
452,audio,16
453,complex,16
454,site,16
455,english,16
456,korea,16
457,care,15
458,effectively,15
459,san,15
460,expertise,15
461,wood,15
462,together,15
463,needs,15
464,grow,15
465,limited,15
466,efforts,15
467,database,15
468,meetings,15
469,portfolio,15
470,language,15
471,subject,15
472,line,15
473,basic,15
474,excel,15
475,consumer,15
476,dont,15
477,security,15
478,databases,15
479,only,15
480,submit,15
481,willing,15
482,states,15
483,seo,15
484,week,15
485,syracuse,15
486,initiative,15
487,networks,15
488,outreach,15
489,dc,15
490,space,15
491,survey,15
492,fellows,15
493,culinary,15
494,nemours,15
495,solid,14
496,judgment,14
497,identify,14
498,delivers,14
499,approximately,14
500,million,14
501,encourage,14
502,evaluation,14
503,mackenzie,14
504,experienced,14
505,testing,14
506,area,14
507,place,14
508,pr,14
509,interview,14
510,style,14
511,quickly,14
512,things,14
513,helping,14
514,leader,14
515,ethics,14
516,salary,14
517,united,14
518,topics,14
519,come,14
520,just,14
521,abilities,14
522,medical,14
523,selfstarter,14
524,north,14
525,ways,14
526,colleagues,14
527,changing,14
528,nexstar,14
529,center,14
530,vendors,14
531,budgets,14
532,equivalent,14
533,lcd,14
534,partnerships,14
535,during,14
536,needed,14
537,plans,14
538,district,14
539,station,14
540,customers,13
541,businesses,13
542,eeo,13
543,directly,13
544,share,13
545,francisco,13
546,set,13
547,computer,13
548,techniques,13
549,engineering,13
550,history,13
551,improve,13
552,different,13
553,request,13
554,regular,13
555,tell,13
556,lab,13
557,assistance,13
558,reporter,13
559,master,13
560,manner,13
561,trade,13
562,sets,13
563,large,13
564,pressure,13
565,camera,13
566,interested,13
567,independently,13
568,objectives,13
569,levels,13
570,record,13
571,nation,13
572,entertainment,13
573,handle,13
574,proficiency,13
575,comprehensive,13
576,available,13
577,sfusd,13
578,interns,13
579,implementation,13
580,outlets,12
581,posting,12
582,advanced,12
583,outstanding,12
584,investigations,12
585,way,12
586,communicate,12
587,tech,12
588,citizenship,12
589,source,12
590,approach,12
591,individual,12
592,ensuring,12
593,delivering,12
594,inclusive,12
595,between,12
596,act,12
597,someone,12
598,dow,12
599,ad,12
600,creativity,12
601,deliver,12
602,firm,12
603,presentation,12
604,hiring,12
605,graphics,12
606,used,12
607,send,12
608,equipment,12
609,last,12
610,partner,12
611,curiosity,12
612,coordinate,12
613,specific,12
614,courses,12
615,close,12
616,features,12
617,dynamic,12
618,concepts,12
619,supports,12
620,intern,12
621,fsm,12
622,producers,12
623,vocalo,12
624,instagram,11
625,suite,11
626,requests,11
627,connect,11
628,proud,11
629,family,11
630,python,11
631,resources,11
632,power,11
633,skilled,11
634,tracking,11
635,monitoring,11
636,effective,11
637,metrics,11
638,focused,11
639,full,11
640,associated,11
641,zillow,11
642,occasionally,11
643,home,11
644,ancestry,11
645,completing,11
646,print,11
647,compensation,11
648,dedicated,11
649,phone,11
650,right,11
651,inform,11
652,collaboratively,11
653,photoshop,11
654,along,11
655,format,11
656,foundation,11
657,narratives,11
658,writers,11
659,point,11
660,partnership,11
661,setting,11
662,100,11
663,visual,11
664,faculty,11
665,undergraduate,11
666,private,11
667,studies,11
668,veterans,11
669,military,11
670,complete,11
671,does,11
672,leveraged,11
673,worldwide,11
674,emphasis,11
675,preferably,11
676,prior,11
677,cloudflare,11
678,distributed,11
679,off,11
680,dining,11
681,distribution,11
682,coordinating,11
683,associate,11
684,atlantic,11
685,council,11
686,post,10
687,serves,10
688,25,10
689,awards,10
690,go,10
691,consider,10
692,problems,10
693,become,10
694,statistics,10
695,feature,10
696,collection,10
697,commercial,10
698,thrive,10
699,potential,10
700,laws,10
701,economic,10
702,interviews,10
703,experts,10
704,level,10
705,careers,10
706,seeks,10
707,collaborative,10
708,expand,10
709,proficient,10
710,landscape,10
711,today,10
712,discriminate,10
713,own,10
714,employee,10
715,action,10
716,2019,10
717,questions,10
718,languages,10
719,storage,10
720,researching,10
721,premiere,10
722,motivated,10
723,system,10
724,word,10
725,view,10
726,american,10
727,operation,10
728,actively,10
729,perform,10
730,oversee,10
731,creation,10
732,integrated,10
733,expected,10
734,curriculum,10
735,effectiveness,10
736,microsoft,10
737,film,10
738,scale,10
739,summary,10
740,california,10
741,necessary,10
742,logistics,10
743,al,10
744,copy,9
745,early,9
746,flexible,9
747,listening,9
748,50,9
749,35,9
750,r,9
751,workforce,9
752,regardless,9
753,political,9
754,engineers,9
755,solving,9
756,industries,9
757,solve,9
758,teach,9
759,models,9
760,skill,9
761,having,9
762,expert,9
763,selection,9
764,established,9
765,lives,9
766,direction,9
767,passionate,9
768,sales,9
769,upon,9
770,fast,9
771,user,9
772,customer,9
773,managers,9
774,communicator,9
775,problem,9
776,identifying,9
777,calls,9
778,sense,9
779,recruitment,9
780,discrimination,9
781,surveys,9
782,prepare,9
783,curious,9
784,there,9
785,positive,9
786,behavior,9
787,newsrooms,9
788,articles,9
789,once,9
790,accuracy,9
791,graphic,9
792,pay,9
793,functions,9
794,major,9
795,presentations,9
796,think,9
797,forward,9
798,goal,9
799,powerful,9
800,see,9
801,physical,9
802,findings,9
803,might,9
804,youre,9
805,freelance,9
806,weekends,9
807,developments,9
808,photography,9
809,publish,9
810,executive,9
811,small,9
812,manages,9
813,assignments,9
814,supervise,9
815,willingness,9
816,student,9
817,earned,9
818,south,9
819,present,9
820,creed,9
821,opinions,9
822,evaluate,9
823,problemsolving,9
824,designing,9
825,sound,9
826,entrepreneurial,9
827,november,9
828,pregnancy,9
829,appropriate,9
830,offer,9
831,operate,9
832,ongoing,9
833,conditions,9
834,artists,9
835,young,9
836,cloud,9
837,win,8
838,monitor,8
839,releases,8
840,departments,8
841,varied,8
842,machine,8
843,ibm,8
844,few,8
845,workflows,8
846,pipelines,8
847,applying,8
848,compliance,8
849,revenue,8
850,voice,8
851,oversight,8
852,delivery,8
853,enjoy,8
854,respect,8
855,mix,8
856,economics,8
857,blog,8
858,priorities,8
859,outside,8
860,types,8
861,then,8
862,broader,8
863,talentresourceteamdowjonescom,8
864,put,8
865,readers,8
866,nws,8
867,statistical,8
868,overview,8
869,against,8
870,legal,8
871,speak,8
872,nonprofit,8
873,backgrounds,8
874,run,8
875,clear,8
876,tactics,8
877,engineer,8
878,shooting,8
879,advising,8
880,beat,8
881,links,8
882,text,8
883,driving,8
884,respond,8
885,cultivate,8
886,discussions,8
887,newhouse,8
888,broadcasting,8
889,cultural,8
890,path,8
891,preparing,8
892,proposals,8
893,updating,8
894,wordpress,8
895,verbal,8
896,webbased,8
897,pitch,8
898,lendingtree,8
899,nearly,8
900,middle,8
901,experiences,8
902,pm,8
903,women,8
904,profiles,8
905,direct,8
906,particularly,8
907,intellectual,8
908,characteristic,8
909,tv,8
910,establish,8
911,similar,8
912,desired,8
913,ambitious,8
914,makes,8
915,workplace,8
916,children,8
917,administration,8
918,county,8
919,stakeholders,8
920,scholars,8
921,leads,8
922,samples,8
923,trip,8
924,pathways,8
925,player,8
926,holidays,8
927,classical,8
928,cios,8
929,edge,7
930,combined,7
931,schedule,7
932,important,7
933,traffic,7
934,coordination,7
935,month,7
936,reaches,7
937,consistently,7
938,advertisers,7
939,resource,7
940,empowering,7
941,visit,7
942,succeed,7
943,optimization,7
944,insurance,7
945,sometimes,7
946,train,7
947,discover,7
948,points,7
949,11,7
950,guide,7
951,require,7
952,decision,7
953,model,7
954,purpose,7
955,short,7
956,operational,7
957,define,7
958,offerings,7
959,throughout,7
960,thinker,7
961,competencies,7
962,integrity,7
963,balance,7
964,submitted,7
965,property,7
966,positions,7
967,result,7
968,awardwinning,7
969,posts,7
970,relationship,7
971,worked,7
972,function,7
973,engages,7
974,pulitzer,7
975,published,7
976,division,7
977,html,7
978,analyzing,7
979,publishing,7
980,responsibility,7
981,context,7
982,formal,7
983,drink,7
984,advantage,7
985,society,7
986,clearly,7
987,ask,7
988,review,7
989,meeting,7
990,previous,7
991,infrastructure,7
992,stand,7
993,lists,7
994,represent,7
995,achieve,7
996,chartbeat,7
997,covering,7
998,headlines,7
999,textio,7
1000,smart,7
1001,calendar,7
1002,determine,7
1003,location,7
1004,investment,7
1005,requires,7
1006,december,7
1007,bdj,7
1008,traditional,7
1009,west,7
1010,18,7
1011,taking,7
1012,speakers,7
1013,timelines,7
1014,always,7
1015,developers,7
1016,benefit,7
1017,characteristics,7
1018,explore,7
1019,operating,7
1020,oral,7
1021,budget,7
1022,attitude,7
1023,adult,7
1024,conducting,7
1025,page,7
1026,organized,7
1027,distribute,7
1028,inquiries,7
1029,membership,7
1030,florida,7
1031,indepth,7
1032,elements,7
1033,final,7
1034,scripps,7
1035,alliance,7
1036,especially,7
1037,roundtables,7
1038,days,7
1039,east,7
1040,institute,7
1041,fm,7
1042,das,7
1043,mbn,7
1044,cutting,6
1045,produced,6
1046,hire,6
1047,nyse,6
1048,owner,6
1049,households,6
1050,adults,6
1051,banking,6
1052,scientists,6
1053,mentor,6
1054,12,6
1055,locations,6
1056,sites,6
1057,fair,6
1058,40,6
1059,intelligence,6
1060,even,6
1061,inspire,6
1062,executives,6
1063,keep,6
1064,driven,6
1065,executing,6
1066,outcomes,6
1067,acquisition,6
1068,feedback,6
1069,perspectives,6
1070,helps,6
1071,confidence,6
1072,achieving,6
1073,enable,6
1074,resumes,6
1075,agency,6
1076,section,6
1077,accommodations,6
1078,awareness,6
1079,very,6
1080,tight,6
1081,innovators,6
1082,processing,6
1083,facilitation,6
1084,newsworthy,6
1085,due,6
1086,category,6
1087,commentary,6
1088,lifestyle,6
1089,prizes,6
1090,corp,6
1091,makers,6
1092,crain,6
1093,conversations,6
1094,sharing,6
1095,charge,6
1096,investigation,6
1097,consistent,6
1098,presenting,6
1099,monthly,6
1100,publication,6
1101,superior,6
1102,markup,6
1103,healthcare,6
1104,mental,6
1105,accurate,6
1106,until,6
1107,writes,6
1108,youve,6
1109,takes,6
1110,thing,6
1111,dental,6
1112,documentation,6
1113,eligible,6
1114,sql,6
1115,excited,6
1116,note,6
1117,exceed,6
1118,type,6
1119,update,6
1120,mass,6
1121,shifts,6
1122,believe,6
1123,start,6
1124,discipline,6
1125,end,6
1126,podcasts,6
1127,boston,6
1128,fluency,6
1129,highquality,6
1130,voices,6
1131,play,6
1132,fully,6
1133,weekly,6
1134,daytoday,6
1135,title,6
1136,assistant,6
1137,tenuretrack,6
1138,strategically,6
1139,fields,6
1140,scholarship,6
1141,dozen,6
1142,angeles,6
1143,beyond,6
1144,class,6
1145,founded,6
1146,sciences,6
1147,regional,6
1148,911,6
1149,date,6
1150,advocacy,6
1151,ceo,6
1152,pages,6
1153,letters,6
1154,powerpoint,6
1155,look,6
1156,measure,6
1157,thought,6
1158,back,6
1159,challenge,6
1160,loan,6
1161,dedication,6
1162,recommendations,6
1163,simultaneously,6
1164,requisition,6
1165,multiplatform,6
1166,lines,6
1167,constituents,6
1168,runs,6
1169,secure,6
1170,largescale,6
1171,since,6
1172,parent,6
1173,classification,6
1174,seek,6
1175,alongside,6
1176,supervisor,6
1177,regulations,6
1178,course,6
1179,conviction,6
1180,workers,6
1181,communicating,6
1182,885,6
1183,est,6
1184,networking,6
1185,host,6
1186,photos,6
1187,presence,6
1188,opinion,6
1189,situations,6
1190,goldman,6
1191,sachs,6
1192,diversified,6
1193,jacksonville,6
1194,edits,6
1195,condition,6
1196,sector,6
1197,increase,6
1198,connected,6
1199,supervision,6
1200,exciting,6
1201,korean,6
1202,seoul,6
1203,sample,6
1204,utilize,6
1205,encouraged,6
1206,alternative,6
1207,nbcuniversal,6
1208,urban,6
1209,reviews,6
1210,ircpl,6
1211,app,6
1212,accounts,6
1213,mother,6
1214,circa,6
1215,wfmtcom,6
1216,device,5
1217,cms,5
1218,generate,5
1219,prioritize,5
1220,greater,5
1221,reaching,5
1222,conducts,5
1223,impactful,5
1224,affiliation,5
1225,embrace,5
1226,fall,5
1227,globe,5
1228,minimal,5
1229,austin,5
1230,weeks,5
1231,base,5
1232,modeling,5
1233,pipeline,5
1234,methods,5
1235,trusted,5
1236,insight,5
1237,natural,5
1238,now,5
1239,continue,5
1240,existing,5
1241,shape,5
1242,retention,5
1243,longterm,5
1244,main,5
1245,release,5
1246,gathering,5
1247,groups,5
1248,align,5
1249,secondary,5
1250,properties,5
1251,adept,5
1252,priority,5
1253,because,5
1254,estate,5
1255,coach,5
1256,writer,5
1257,juggle,5
1258,let,5
1259,changes,5
1260,spread,5
1261,recommendation,5
1262,expectations,5
1263,roles,5
1264,preeminent,5
1265,agencies,5
1266,proprietary,5
1267,visualizations,5
1268,strongly,5
1269,influential,5
1270,created,5
1271,next,5
1272,click,5
1273,generous,5
1274,follow,5
1275,linkedin,5
1276,contractor,5
1277,consulting,5
1278,mintel,5
1279,conferences,5
1280,disciplines,5
1281,accountability,5
1282,jobs,5
1283,account,5
1284,cost,5
1285,begin,5
1286,judgement,5
1287,stay,5
1288,heart,5
1289,explain,5
1290,websites,5
1291,facts,5
1292,before,5
1293,researchers,5
1294,simple,5
1295,retirement,5
1296,engaged,5
1297,form,5
1298,clips,5
1299,addresses,5
1300,currently,5
1301,order,5
1302,ranging,5
1303,length,5
1304,bringing,5
1305,competency,5
1306,curate,5
1307,images,5
1308,dslr,5
1309,rapidly,5
1310,multitask,5
1311,weekend,5
1312,ownership,5
1313,maximize,5
1314,hear,5
1315,too,5
1316,deeply,5
1317,affairs,5
1318,constantly,5
1319,highest,5
1320,agenda,5
1321,visibility,5
1322,analyses,5
1323,newsletters,5
1324,promotion,5
1325,campus,5
1326,architecture,5
1327,extensive,5
1328,given,5
1329,received,5
1330,magazine,5
1331,publications,5
1332,los,5
1333,africa,5
1334,possible,5
1335,foreign,5
1336,options,5
1337,ethnicity,5
1338,educational,5
1339,maintains,5
1340,promoting,5
1341,principles,5
1342,fortune,5
1343,capture,5
1344,translate,5
1345,habits,5
1346,useful,5
1347,potentially,5
1348,interpret,5
1349,evaluating,5
1350,responses,5
1351,deal,5
1352,energy,5
1353,quick,5
1354,legally,5
1355,whose,5
1356,room,5
1357,accounting,5
1358,submissions,5
1359,assisting,5
1360,quarterly,5
1361,adapt,5
1362,depending,5
1363,faster,5
1364,store,5
1365,examples,5
1366,bonus,5
1367,soul,5
1368,ever,5
1369,target,5
1370,unified,5
1371,ready,5
1372,transform,5
1373,healthy,5
1374,procedures,5
1375,trainings,5
1376,quantitative,5
1377,nutrition,5
1378,connects,5
1379,government,5
1380,eg,5
1381,wellness,5
1382,shows,5
1383,region,5
1384,either,5
1385,recruit,5
1386,collaborates,5
1387,advance,5
1388,policymakers,5
1389,civic,5
1390,democracy,5
1391,optimized,5
1392,democratic,5
1393,narrative,5
1394,peninsula,5
1395,piece,5
1396,guest,5
1397,providers,5
1398,occasional,5
1399,difference,5
1400,nbcu,5
1401,thorough,5
1402,gothamist,5
1403,placement,5
1404,often,5
1405,destination,5
1406,•,5
1407,artery,5
1408,southern,5
1409,ksdk,4
1410,thrives,4
1411,morning,4
1412,shift,4
1413,affiliates,4
1414,onestop,4
1415,shop,4
1416,drug,4
1417,appearance,4
1418,enrollment,4
1419,vocational,4
1420,elite,4
1421,practitioners,4
1422,array,4
1423,case,4
1424,convey,4
1425,several,4
1426,broad,4
1427,depth,4
1428,java,4
1429,preference,4
1430,regarding,4
1431,past,4
1432,reputation,4
1433,extends,4
1434,overcome,4
1435,toughest,4
1436,advice,4
1437,pursue,4
1438,innovate,4
1439,subscription,4
1440,designers,4
1441,roadmaps,4
1442,constant,4
1443,measuring,4
1444,agile,4
1445,specifically,4
1446,environments,4
1447,input,4
1448,actionable,4
1449,encourages,4
1450,teamwork,4
1451,commitments,4
1452,arrangements,4
1453,civil,4
1454,rights,4
1455,unable,4
1456,everify,4
1457,fun,4
1458,expanding,4
1459,meaningful,4
1460,leverage,4
1461,housing,4
1462,storyteller,4
1463,vibrant,4
1464,supported,4
1465,fostering,4
1466,accordance,4
1467,superb,4
1468,sophisticated,4
1469,overseeing,4
1470,common,4
1471,toplevel,4
1472,offering,4
1473,lija1wsj,4
1474,eeoaamfdisabledvets,4
1475,newswsj,4
1476,heritage,4
1477,holds,4
1478,36,4
1479,nasdaq,4
1480,nwsa,4
1481,asx,4
1482,nwslv,4
1483,details,4
1484,keen,4
1485,cleaning,4
1486,continues,4
1487,vital,4
1488,industryleading,4
1489,century,4
1490,otherwise,4
1491,unless,4
1492,fresh,4
1493,packaging,4
1494,concise,4
1495,effects,4
1496,impacts,4
1497,collect,4
1498,rigorous,4
1499,test,4
1500,theories,4
1501,visually,4
1502,scraping,4
1503,certain,4
1504,matters,4
1505,postgresql,4
1506,desk,4
1507,cv,4
1508,number,4
1509,unit,4
1510,topical,4
1511,pitching,4
1512,247,4
1513,postproduction,4
1514,setups,4
1515,studio,4
1516,utilizing,4
1517,outlining,4
1518,cuttingedge,4
1519,shareable,4
1520,launching,4
1521,crowdtangle,4
1522,read,4
1523,rich,4
1524,visualization,4
1525,america,4
1526,settings,4
1527,20,4
1528,everyone,4
1529,items,4
1530,interact,4
1531,professor,4
1532,commensurate,4
1533,hires,4
1534,further,4
1535,enhance,4
1536,possess,4
1537,references,4
1538,reference,4
1539,filled,4
1540,electronic,4
1541,alumni,4
1542,equipped,4
1543,screen,4
1544,routinely,4
1545,ranks,4
1546,orange,4
1547,magazines,4
1548,ties,4
1549,speaker,4
1550,informal,4
1551,brightest,4
1552,countries,4
1553,schools,4
1554,geographic,4
1555,places,4
1556,governance,4
1557,500,4
1558,speaking,4
1559,perspective,4
1560,scripts,4
1561,pro,4
1562,articulate,4
1563,attend,4
1564,capabilities,4
1565,recommend,4
1566,primarily,4
1567,interesting,4
1568,resulting,4
1569,looks,4
1570,give,4
1571,publicly,4
1572,ethic,4
1573,craft,4
1574,1159,4
1575,carrier,4
1576,provider,4
1577,yield,4
1578,accurately,4
1579,domestic,4
1580,efficient,4
1581,annual,4
1582,efficiently,4
1583,study,4
1584,grammar,4
1585,combination,4
1586,13,4
1587,enthusiastic,4
1588,registration,4
1589,deliverables,4
1590,worlds,4
1591,cloudflares,4
1592,handles,4
1593,fundamental,4
1594,athenian,4
1595,midcareer,4
1596,child,4
1597,https1111,4
1598,never,4
1599,something,4
1600,youd,4
1601,spark,4
1602,grant,4
1603,sns,4
1604,standard,4
1605,additionally,4
1606,vendor,4
1607,handling,4
1608,vacation,4
1609,evidence,4
1610,disaster,4
1611,mindset,4
1612,develops,4
1613,hour,4
1614,credit,4
1615,1a,4
1616,dcist,4
1617,keeps,4
1618,handson,4
1619,talk,4
1620,demands,4
1621,log,4
1622,affirmative,4
1623,uptodate,4
1624,wburs,4
1625,completion,4
1626,docs,4
1627,pediatric,4
1628,chance,4
1629,ensures,4
1630,pensacola,4
1631,list,4
1632,still,4
1633,assists,4
1634,nonlinear,4
1635,cut,4
1636,produces,4
1637,grants,4
1638,demonstrating,4
1639,broadly,4
1640,republic,4
1641,delegation,4
1642,16,4
1643,outlet,4
1644,file,4
1645,youtube,4
1646,semipro,4
1647,lawndale,4
1648,lessons,4
1649,supportive,4
1650,cultures,4
1651,incorporate,4
1652,ba,4
1653,match,4
1654,decisionmaking,4
1655,evolving,4
1656,criminal,4
1657,particular,4
1658,digitalsocial,4
1659,ms,4
1660,wnyc,4
1661,brainstorm,4
1662,series,4
1663,link,4
1664,conversation,4
1665,amplify,4
1666,highlight,4
1667,fusion,4
1668,360,4
1669,llc,4
1670,firebase,4
1671,ecosystem,4
1672,load,4
1673,advise,4
1674,documents,4
1675,día,4
1676,philadelphia,4
1677,dia,4
1678,union,4
1679,perkinelmer,4
1680,facilitate,4
1681,idea,4
1682,ex,4
1683,wfmt,4
1684,factchecking,4
1685,newshour,4
1686,assignment,4
1687,extra,4
1688,scng,4
1689,loves,3
1690,photo,3
1691,proofreading,3
1692,tgna,3
1693,47,3
1694,39,3
1695,onethird,3
1696,nationwide,3
1697,honored,3
1698,edward,3
1699,murrow,3
1700,george,3
1701,polk,3
1702,alfred,3
1703,dupont,3
1704,emmy,3
1705,unparalleled,3
1706,ott,3
1707,premion,3
1708,centralized,3
1709,hatch,3
1710,tells,3
1711,wwwtegnacom,3
1712,internally,3
1713,scientist,3
1714,desire,3
1715,down,3
1716,apis,3
1717,visualize,3
1718,output,3
1719,nc,3
1720,explaining,3
1721,promising,3
1722,profile,3
1723,greentech,3
1724,gtm,3
1725,improving,3
1726,vice,3
1727,president,3
1728,informed,3
1729,influence,3
1730,kpis,3
1731,deepen,3
1732,fastmoving,3
1733,influencer,3
1734,ab,3
1735,larger,3
1736,strive,3
1737,fosters,3
1738,contribution,3
1739,importance,3
1740,spectrum,3
1741,unsolicited,3
1742,fax,3
1743,mail,3
1744,fees,3
1745,rehabilitation,3
1746,prohibits,3
1747,sending,3
1748,collegial,3
1749,proactive,3
1750,cornerstone,3
1751,shares,3
1752,talking,3
1753,spokespeople,3
1754,amazing,3
1755,accessible,3
1756,fluent,3
1757,listener,3
1758,owned,3
1759,millions,3
1760,increases,3
1761,known,3
1762,employ,3
1763,dashboards,3
1764,wsj,3
1765,generation,3
1766,inspires,3
1767,newseditorial,3
1768,built,3
1769,spreadsheets,3
1770,displaying,3
1771,numbers,3
1772,chart,3
1773,objectivity,3
1774,fairness,3
1775,forecasting,3
1776,held,3
1777,gives,3
1778,add,3
1779,initiate,3
1780,however,3
1781,response,3
1782,headquarters,3
1783,challenging,3
1784,webinars,3
1785,creatively,3
1786,30,3
1787,illuminate,3
1788,running,3
1789,finding,3
1790,importantly,3
1791,isnt,3
1792,tests,3
1793,gather,3
1794,academics,3
1795,complicated,3
1796,reader,3
1797,mind,3
1798,protect,3
1799,task,3
1800,nodejs,3
1801,same,3
1802,single,3
1803,call,3
1804,below,3
1805,already,3
1806,establishing,3
1807,talented,3
1808,combine,3
1809,transformation,3
1810,minutes,3
1811,react,3
1812,collaborating,3
1813,videographers,3
1814,late,3
1815,rotation,3
1816,constraints,3
1817,nose,3
1818,lighting,3
1819,affiliate,3
1820,eye,3
1821,repurposed,3
1822,shoot,3
1823,integrate,3
1824,omniture,3
1825,aggressive,3
1826,curating,3
1827,augmented,3
1828,vast,3
1829,fascinating,3
1830,hundreds,3
1831,appetite,3
1832,mediums,3
1833,emails,3
1834,wed,3
1835,kind,3
1836,anyone,3
1837,psychology,3
1838,eager,3
1839,words,3
1840,stuff,3
1841,pri,3
1842,human,3
1843,supervises,3
1844,answers,3
1845,push,3
1846,boundaries,3
1847,missiondriven,3
1848,promise,3
1849,contributors,3
1850,invites,3
1851,ny,3
1852,flsa,3
1853,exempt,3
1854,enterprises,3
1855,elevate,3
1856,computing,3
1857,activity,3
1858,higher,3
1859,projectbased,3
1860,instructions,3
1861,address,3
1862,widely,3
1863,tailored,3
1864,sponsor,3
1865,touch,3
1866,long,3
1867,publishes,3
1868,bank,3
1869,representing,3
1870,degrees,3
1871,performing,3
1872,parks,3
1873,according,3
1874,rated,3
1875,institution,3
1876,prohibited,3
1877,nondiscrimination,3
1878,covers,3
1879,participating,3
1880,made,3
1881,ethnic,3
1882,religious,3
1883,broadcasts,3
1884,behalf,3
1885,nonprofits,3
1886,game,3
1887,award,3
1888,promote,3
1889,agreement,3
1890,pitches,3
1891,persuasive,3
1892,highenergy,3
1893,sr,3
1894,improvement,3
1895,shared,3
1896,matter,3
1897,frequently,3
1898,competitors,3
1899,departmental,3
1900,quo,3
1901,lot,3
1902,rock,3
1903,mechanics,3
1904,budding,3
1905,internships,3
1906,authorized,3
1907,inclusion,3
1908,predisposition,3
1909,subscribers,3
1910,virginia,3
1911,investor,3
1912,expect,3
1913,recognition,3
1914,bond,3
1915,books,3
1916,ratings,3
1917,loans,3
1918,bonds,3
1919,sp,3
1920,equality,3
1921,native,3
1922,consumerfocused,3
1923,warnermedia,3
1924,uses,3
1925,unrivaled,3
1926,companys,3
1927,enhancing,3
1928,proactively,3
1929,paced,3
1930,interaction,3
1931,mba,3
1932,multitasking,3
1933,messages,3
1934,modern,3
1935,energetic,3
1936,hard,3
1937,scaling,3
1938,centers,3
1939,docker,3
1940,equip,3
1941,themselves,3
1942,governments,3
1943,reliability,3
1944,2016,3
1945,1111,3
1946,released,3
1947,abide,3
1948,instruction,3
1949,equitable,3
1950,21st,3
1951,justice,3
1952,inspired,3
1953,2025,3
1954,collaborators,3
1955,communicators,3
1956,meals,3
1957,funds,3
1958,kitchens,3
1959,procurement,3
1960,menu,3
1961,qualitative,3
1962,paperwork,3
1963,evaluations,3
1964,hands,3
1965,facilitating,3
1966,policies,3
1967,whole,3
1968,qualifying,3
1969,accredited,3
1970,requirement,3
1971,finalist,3
1972,exists,3
1973,asked,3
1974,park,3
1975,selected,3
1976,appointment,3
1977,return,3
1978,verification,3
1979,hired,3
1980,comex,3
1981,highlighting,3
1982,improvements,3
1983,selfmotivated,3
1984,thriving,3
1985,outlook,3
1986,older,3
1987,kojo,3
1988,nnamdi,3
1989,airs,3
1990,podcast,3
1991,efficiency,3
1992,aims,3
1993,hope,3
1994,transportation,3
1995,contributing,3
1996,newsletter,3
1997,friday,3
1998,lens,3
1999,active,3
2000,subjects,3
2001,select,3
2002,formats,3
2003,apps,3
2004,authorization,3
2005,venues,3
2006,nextgeneration,3
2007,salesforce,3
2008,considerable,3
2009,startup,3
2010,productivity,3
2011,vs,3
2012,slack,3
2013,troubleshooting,3
2014,vevraa,3
2015,officers,3
2016,dialogue,3
2017,briefing,3
2018,memos,3
2019,robust,3
2020,institutions,3
2021,easily,3
2022,dates,3
2023,twopage,3
2024,drafting,3
2025,specialty,3
2026,facilitates,3
2027,competing,3
2028,progress,3
2029,intended,3
2030,immediate,3
2031,literacy,3
2032,undue,3
2033,hardship,3
2034,chamber,3
2035,commerce,3
2036,participates,3
2037,compile,3
2038,correspondence,3
2039,files,3
2040,electronically,3
2041,significant,3
2042,demonstrates,3
2043,limit,3
2044,deeper,3
2045,thinkers,3
2046,eight,3
2047,launch,3
2048,officials,3
2049,roundtable,3
2050,contingent,3
2051,longer,3
2052,control,3
2053,september,3
2054,october,3
2055,window,3
2056,eligibility,3
2057,résumé,3
2058,feel,3
2059,upload,3
2060,participant,3
2061,solutionsoriented,3
2062,black,3
2063,side,3
2064,pieces,3
2065,packages,3
2066,hosts,3
2067,evening,3
2068,productive,3
2069,peers,3
2070,retargeting,3
2071,approval,3
2072,ease,3
2073,conceptualize,3
2074,experiment,3
2075,ca,3
2076,guidelines,3
2077,drives,3
2078,pride,3
2079,histories,3
2080,maghreb,3
2081,payment,3
2082,finances,3
2083,arabic,3
2084,sure,3
2085,icfj,3
2086,criteria,3
2087,logistical,3
2088,newsradio,3
2089,880,3
2090,exclusively,3
2091,messaging,3
2092,participation,3
2093,premier,3
2094,applydesired,3
2095,freelancers,3
2096,tangible,3
2097,workshops,3
2098,collateral,3
2099,grasp,3
2100,telling,3
2101,wbez,3
2102,irl,3
2103,nights,3
2104,discovery,3
2105,optimize,3
2106,operator,3
2107,169,3
2108,addressing,3
2109,389,3
2110,wwwnexstartv,3
2111,minoritieswomenveteransdisabled,3
2112,scalable,3
2113,distill,3
2114,influencers,3
2115,practical,3
2116,guidance,3
2117,accept,3
2118,denver,3
2119,statements,3
2120,minorities,3
2121,opportunityaffirmative,3
2122,ethical,3
2123,stretch,3
2124,coast,3
2125,alerts,3
2126,semester,3
2127,purposes,3
2128,interactive,3
2129,commonhealth,3
2130,relational,3
2131,stores,3
2132,desktop,3
2133,commission,3
2134,advisory,3
2135,nbc,3
2136,splc,3
2137,ascent,3
2138,pbs,3
2139,io,3
2140,valley,3
2141,desks,3
2142,monitors,3
2143,kxan,3
2144,digitalmobilesocial,2
2145,ksdkcom,2
2146,galleries,2
2147,personalities,2
2148,timemanagement,2
2149,linb1job,2
2150,renaissance,2
2151,ibms,2
2152,realworld,2
2153,ibmers,2
2154,manufacturing,2
2155,oil,2
2156,gas,2
2157,automotive,2
2158,deploy,2
2159,cases,2
2160,selfsufficient,2
2161,rtp,2
2162,engagements,2
2163,spend,2
2164,prof,2
2165,scala,2
2166,deploying,2
2167,neural,2
2168,eo,2
2169,genetics,2
2170,immigration,2
2171,assess,2
2172,informs,2
2173,agreed,2
2174,wideranging,2
2175,maximum,2
2176,lifecycle,2
2177,defining,2
2178,crossfunctional,2
2179,met,2
2180,targets,2
2181,achieved,2
2182,scrum,2
2183,experimenting,2
2184,broaden,2
2185,penetration,2
2186,solver,2
2187,methodologies,2
2188,tactical,2
2189,fits,2
2190,calm,2
2191,continuous,2
2192,outcome,2
2193,aspire,2
2194,belonging,2
2195,sustaining,2
2196,organisational,2
2197,wellbeing,2
2198,persistence,2
2199,humility,2
2200,considering,2
2201,greatest,2
2202,1964,2
2203,1991,2
2204,1967,2
2205,504,2
2206,1973,2
2207,americans,2
2208,1990,2
2209,disabled,2
2210,woodmaccomcareers,2
2211,hrenquirieswoodmaccom,2
2212,mfvd,2
2213,relationsap,2
2214,specialist,2
2215,spreadsheet,2
2216,stream,2
2217,traveling,2
2218,specialists,2
2219,coordinators,2
2220,angles,2
2221,move,2
2222,urgent,2
2223,mentoring,2
2224,houses,2
2225,homerelated,2
2226,smarter,2
2227,worldclass,2
2228,fulfilling,2
2229,helpful,2
2230,recommending,2
2231,bureau,2
2232,chiefs,2
2233,hubs,2
2234,tied,2
2235,engines,2
2236,template,2
2237,workshop,2
2238,managerial,2
2239,head,2
2240,signature,2
2241,datacenter,2
2242,roi,2
2243,css,2
2244,simply,2
2245,focusing,2
2246,curated,2
2247,cant,2
2248,else,2
2249,uncompromising,2
2250,profit,2
2251,discussed,2
2252,disclosure,2
2253,conducted,2
2254,informationdesired,2
2255,focuses,2
2256,retailers,2
2257,briefings,2
2258,spokesperson,2
2259,manufacturer,2
2260,insightful,2
2261,internationally,2
2262,httpsthemarkuporg,2
2263,investigate,2
2264,societal,2
2265,affecting,2
2266,holding,2
2267,dataset,2
2268,readercentered,2
2269,inventive,2
2270,courageous,2
2271,wont,2
2272,tolerate,2
2273,aim,2
2274,crowdsourcing,2
2275,foia,2
2276,markups,2
2277,datasets,2
2278,knowing,2
2279,clean,2
2280,prose,2
2281,errors,2
2282,generally,2
2283,couple,2
2284,elasticsearch,2
2285,weve,2
2286,newer,2
2287,fit,2
2288,away,2
2289,stats,2
2290,limits,2
2291,hisher,2
2292,reading,2
2293,relocate,2
2294,relocation,2
2295,expenses,2
2296,force,2
2297,capacities,2
2298,acquiring,2
2299,ones,2
2300,workflow,2
2301,javascript,2
2302,quickturn,2
2303,newsfocused,2
2304,documentaries,2
2305,executions,2
2306,cycle,2
2307,reflected,2
2308,shot,2
2309,pre,2
2310,coaching,2
2311,remotely,2
2312,appear,2
2313,voiceover,2
2314,followed,2
2315,warrant,2
2316,sony,2
2317,fs5,2
2318,fs7,2
2319,c100,2
2320,c300,2
2321,illustrator,2
2322,described,2
2323,wtsptv,2
2324,multiskilled,2
2325,showcase,2
2326,videography,2
2327,confidently,2
2328,anything,2
2329,allows,2
2330,told,2
2331,realize,2
2332,decade,2
2333,voracious,2
2334,longform,2
2335,nerd,2
2336,turn,2
2337,half,2
2338,speaks,2
2339,funny,2
2340,verbally,2
2341,demanding,2
2342,sweat,2
2343,embraces,2
2344,represents,2
2345,philosophy,2
2346,consequential,2
2347,highprofile,2
2348,prx,2
2349,listeners,2
2350,15,2
2351,charts,2
2352,chief,2
2353,mastery,2
2354,steeped,2
2355,aggressively,2
2356,ambition,2
2357,moves,2
2358,tone,2
2359,safe,2
2360,longerterm,2
2361,fundraising,2
2362,funding,2
2363,highimpact,2
2364,ma,2
2365,turnaround,2
2366,narrativedriven,2
2367,exhibit,2
2368,adjust,2
2369,smoothly,2
2370,careful,2
2371,diplomacy,2
2372,tact,2
2373,determined,2
2374,si,2
2375,chosen,2
2376,interactives,2
2377,committee,2
2378,reviewed,2
2379,example,2
2380,capital,2
2381,association,2
2382,accomplishments,2
2383,newspaper,2
2384,newspapers,2
2385,hearst,2
2386,panel,2
2387,crisis,2
2388,250,2
2389,recent,2
2390,encompasses,2
2391,latest,2
2392,preparation,2
2393,attracting,2
2394,admissions,2
2395,freshmen,2
2396,professions,2
2397,population,2
2398,numerous,2
2399,central,2
2400,recreation,2
2401,skiing,2
2402,historic,2
2403,equalopportunity,2
2404,harassment,2
2405,treatment,2
2406,ranked,2
2407,gi,2
2408,bill,2
2409,su,2
2410,tuition,2
2411,administrators,2
2412,multicultural,2
2413,differences,2
2414,commit,2
2415,message,2
2416,destinations,2
2417,creators,2
2418,promotional,2
2419,digitallysavvy,2
2420,evermorerelevant,2
2421,intersect,2
2422,sentiments,2
2423,databacked,2
2424,authority,2
2425,increasing,2
2426,seobacklinks,2
2427,crosstabulations,2
2428,demographics,2
2429,surveyresearch,2
2430,surveyconsumer,2
2431,resourcefulness,2
2432,obstacles,2
2433,splice,2
2434,crosstabulate,2
2435,wellspoken,2
2436,fielding,2
2437,copyediting,2
2438,1996,2
2439,money,2
2440,pockets,2
2441,compare,2
2442,traded,2
2443,tree,2
2444,financially,2
2445,fastest,2
2446,fanatically,2
2447,proconsumer,2
2448,champions,2
2449,consists,2
2450,diligently,2
2451,informative,2
2452,depositaccountscom,2
2453,magnifymoneycom,2
2454,comparecardscom,2
2455,studentloanherocom,2
2456,simpletuitioncom,2
2457,clothes,2
2458,casual,2
2459,relaxed,2
2460,express,2
2461,ball,2
2462,re,2
2463,resultsdriven,2
2464,stars,2
2465,reward,2
2466,shapers,2
2467,portfolios,2
2468,learners,2
2469,navigate,2
2470,reflects,2
2471,greatly,2
2472,true,2
2473,nonconforming,2
2474,alienage,2
2475,affectional,2
2476,trait,2
2477,80000,2
2478,hinges,2
2479,bestinclass,2
2480,entered,2
2481,fashion,2
2482,utmost,2
2483,resides,2
2484,london,2
2485,expansion,2
2486,charlottesville,2
2487,lcds,2
2488,indexes,2
2489,technicals,2
2490,bdcs,2
2491,clos,2
2492,highlyrewarding,2
2493,rewards,2
2494,authorities,2
2495,prospectuses,2
2496,gathered,2
2497,sec,2
2498,filings,2
2499,capitaliq,2
2500,basics,2
2501,syndication,2
2502,regards,2
2503,merit,2
2504,capability,2
2505,raceethnicity,2
2506,unions,2
2507,unemployment,2
2508,bearing,2
2509,eeocompliancespglobalcom,2
2510,forwarded,2
2511,poster,2
2512,httpwwwdolgovofccpregscomplianceposterspdfeeopostpdf,2
2513,describes,2
2514,protections,2
2515,lawdesired,2
2516,wordmicrosoft,2
2517,located,2
2518,interpreting,2
2519,experiments,2
2520,consultant,2
2521,alignment,2
2522,divisions,2
2523,box,2
2524,light,2
2525,attract,2
2526,fpa,2
2527,budgeting,2
2528,underlying,2
2529,peer,2
2530,units,2
2531,analytic,2
2532,proofing,2
2533,entry,2
2534,stable,2
2535,eyes,2
2536,powers,2
2537,trillion,2
2538,percent,2
2539,protects,2
2540,accelerates,2
2541,adding,2
2542,hardware,2
2543,installing,2
2544,entrepreneurs,2
2545,reliable,2
2546,shaping,2
2547,builds,2
2548,functionality,2
2549,kafka,2
2550,clickhouse,2
2551,flink,2
2552,desirable,2
2553,optimizing,2
2554,highperformance,2
2555,alerting,2
2556,debugging,2
2557,configuration,2
2558,salt,2
2559,protecting,2
2560,galileo,2
2561,httpsblogcloudflarecomprotectingfreeexpressiononline,2
2562,politically,2
2563,artistically,2
2564,defend,2
2565,attacks,2
2566,censor,2
2567,customersat,2
2568,httpswwwcloudflarecomathenian,2
2569,protection,2
2570,election,2
2571,voter,2
2572,httpsblogcloudflarecomtagpathforward,2
2573,partnered,2
2574,16week,2
2575,loved,2
2576,fix,2
2577,privacycentric,2
2578,dns,2
2579,resolver,2
2580,heres,2
2581,ip,2
2582,httpsdeveloperscloudflarecom1111commitmenttoprivacyprivacypolicyprivacypolicy,2
2583,sold,2
2584,89158,2
2585,self,2
2586,means,2
2587,celebrate,2
2588,captures,2
2589,leveraging,2
2590,fund,2
2591,carts,2
2592,vending,2
2593,chef,2
2594,kitchen,2
2595,board,2
2596,personnel,2
2597,contract,2
2598,enables,2
2599,families,2
2600,defined,2
2601,supervisory,2
2602,involving,2
2603,sent,2
2604,nature,2
2605,arrest,2
2606,circumstances,2
2607,conflicts,2
2608,conflict,2
2609,mitigate,2
2610,disqualified,2
2611,automatically,2
2612,effect,2
2613,actual,2
2614,perceived,2
2615,identification,2
2616,january,2
2617,provisions,2
2618,officeexcelmicrosoft,2
2619,coloplast,2
2620,cooperation,2
2621,segmentation,2
2622,targeting,2
2623,operates,2
2624,herein,2
2625,spring,2
2626,provided,2
2627,affiliated,2
2628,sunday,2
2629,14,2
2630,april,2
2631,itself,2
2632,ondemand,2
2633,upholding,2
2634,homepage,2
2635,guides,2
2636,coursework,2
2637,noon,2
2638,happening,2
2639,maryland,2
2640,screening,2
2641,abroad,2
2642,resourceful,2
2643,shifting,2
2644,lasting,2
2645,parttime,2
2646,asuccessfulu,2
2647,bases,2
2648,oct,2
2649,12week,2
2650,enterprising,2
2651,coworkers,2
2652,familiar,2
2653,proof,2
2654,factual,2
2655,knowledgeable,2
2656,topic,2
2657,retain,2
2658,talents,2
2659,describe,2
2660,uploaded,2
2661,enjoys,2
2662,issue,2
2663,bizlab,2
2664,roll,2
2665,sleeves,2
2666,keeping,2
2667,remote,2
2668,appropriately,2
2669,articulating,2
2670,despite,2
2671,headquartered,2
2672,offices,2
2673,responsive,2
2674,compiling,2
2675,immediately,2
2676,march,2
2677,inperson,2
2678,speed,2
2679,near,2
2680,cambridge,2
2681,ben,2
2682,enthusiasm,2
2683,selfmotivation,2
2684,hospitals,2
2685,healthier,2
2686,associates,2
2687,extension,2
2688,clinical,2
2689,physician,2
2690,targeted,2
2691,indicators,2
2692,display,2
2693,identifies,2
2694,ncsc,2
2695,sponsorship,2
2696,involve,2
2697,sponsorships,2
2698,tracks,2
2699,listen,2
2700,spot,2
2701,crime,2
2702,shoots,2
2703,valid,2
2704,license,2
2705,lift,2
2706,ew,2
2707,strengthens,2
2708,marketoriented,2
2709,reform,2
2710,institutes,2
2711,endowment,2
2712,1983,2
2713,anticorruption,2
2714,forum,2
2715,gaps,2
2716,donors,2
2717,incountry,2
2718,contacts,2
2719,draft,2
2720,negotiate,2
2721,sensitive,2
2722,detailoriented,2
2723,acumen,2
2724,jobscipeorg,2
2725,synthesize,2
2726,nongovernmental,2
2727,inaugural,2
2728,usbased,2
2729,asiapacific,2
2730,gain,2
2731,attitudes,2
2732,affect,2
2733,usrok,2
2734,seasoned,2
2735,structure,2
2736,reception,2
2737,happen,2
2738,february,2
2739,wrapup,2
2740,joining,2
2741,prepared,2
2742,articlebroadcast,2
2743,peaceful,2
2744,denuclearized,2
2745,coming,2
2746,equally,2
2747,laid,2
2748,declaration,2
2749,joint,2
2750,singlesided,2
2751,streaming,2
2752,body,2
2753,accepted,2
2754,administrator,2
2755,1824,2
2756,assessments,2
2757,filtering,2
2758,roots,2
2759,brown,2
2760,centered,2
2761,garfield,2
2762,village,2
2763,hyper,2
2764,humaninterest,2
2765,printweb,2
2766,crews,2
2767,strength,2
2768,beginnerlevel,2
2769,astute,2
2770,lesson,2
2771,instructing,2
2772,understood,2
2773,mentioned,2
2774,correct,2
2775,setuptear,2
2776,tracked,2
2777,artistic,2
2778,emotional,2
2779,projective,2
2780,mentors,2
2781,programmatic,2
2782,hive,2
2783,attendance,2
2784,aged,2
2785,ethnicities,2
2786,microphones,2
2787,speech,2
2788,visits,2
2789,fouryear,2
2790,nichols,2
2791,tower,2
2792,homan,2
2793,squarenorth,2
2794,car,2
2795,3800048000,2
2796,ira,2
2797,accrued,2
2798,hrfreespiritmediaorg,2
2799,faith,2
2800,sides,2
2801,holistic,2
2802,founding,2
2803,2001,2
2804,empowered,2
2805,5500,2
2806,schoolbased,2
2807,ages,2
2808,freespiritmediaorg,2
2809,marketinggoogle,2
2810,ads,2
2811,strategist,2
2812,party,2
2813,keywords,2
2814,resonate,2
2815,launches,2
2816,naturally,2
2817,x,2
2818,adaptable,2
2819,slide,2
2820,visuals,2
2821,qualificationsrequirements,2
2822,overnights,2
2823,universal,2
2824,unrestricted,2
2825,covered,2
2826,subbusinessnbcuots,2
2827,stateprovince,2
2828,countryunited,2
2829,cable,2
2830,worldrenowned,2
2831,theme,2
2832,uniquely,2
2833,extraordinary,2
2834,notices,2
2835,uniformed,2
2836,ordinance,2
2837,officer,2
2838,expense,2
2839,french,2
2840,outputs,2
2841,spo,2
2842,capable,2
2843,intercultural,2
2844,developed,2
2845,benchmarks,2
2846,audiencedriven,2
2847,wwwdisneycareerscomand,2
2848,liaising,2
2849,subgrantees,2
2850,consultants,2
2851,anticipate,2
2852,spanish,2
2853,organize,2
2854,wcbs880com,2
2855,wcbs,2
2856,parts,2
2857,etm,2
2858,winning,2
2859,broadcasters,2
2860,connection,2
2861,90,2
2862,persons,2
2863,creator,2
2864,philadelphiabased,2
2865,wwwentercomcom,2
2866,affords,2
2867,childbirth,2
2868,breastfeeding,2
2869,comply,2
2870,impose,2
2871,16106605614,2
2872,solely,2
2873,reason,2
2874,returned,2
2875,casebycase,2
2876,authentic,2
2877,assign,2
2878,57,2
2879,infosec,2
2880,securely,2
2881,integral,2
2882,securing,2
2883,kubernetes,2
2884,iheartmedia,2
2885,thirdparty,2
2886,onsite,2
2887,creates,2
2888,regularly,2
2889,announcements,2
2890,setup,2
2891,crafts,2
2892,michigan,2
2893,columbia,2
2894,forums,2
2895,scholarly,2
2896,disseminate,2
2897,panels,2
2898,mailing,2
2899,performs,2
2900,capacity,2
2901,exercise,2
2902,discretion,2
2903,915,2
2904,recently,2
2905,activists,2
2906,dj,2
2907,collective,2
2908,hosted,2
2909,connecting,2
2910,featured,2
2911,gifs,2
2912,sounds,2
2913,followers,2
2914,leave,2
2915,starting,2
2916,unafraid,2
2917,kanye,2
2918,storytellers,2
2919,weird,2
2920,fact,2
2921,globally,2
2922,bigger,2
2923,pursuit,2
2924,humanities,2
2925,cc,2
2926,digs,2
2927,klfy,2
2928,flexibility,2
2929,sit,2
2930,telephone,2
2931,facetoface,2
2932,extremely,2
2933,usa,2
2934,users,2
2935,developer,2
2936,educate,2
2937,try,2
2938,mainstream,2
2939,compute,2
2940,quarters,2
2941,tenure,2
2942,populations,2
2943,datavisualization,2
2944,majors,2
2945,phd,2
2946,400,2
2947,24,2
2948,founder,2
2949,propose,2
2950,imagine,2
2951,impacting,2
2952,component,2
2953,integration,2
2954,treatments,2
2955,announcement,2
2956,professionalism,2
2957,drake,2
2958,welcoming,2
2959,consecutiveterm,2
2960,regression,2
2961,everything,2
2962,readersupported,2
2963,biomedical,2
2964,skillful,2
2965,keyvalue,2
2966,redis,2
2967,tuning,2
2968,patterns,2
2969,proper,2
2970,verticals,2
2971,va,2
2972,layout,2
2973,recruiting,2
2974,heshe,2
2975,factcheck,2
2976,administer,2
2977,permissionrelease,2
2978,scene,2
2979,residence,2
2980,chicagoarea,2
2981,assigning,2
2982,peoples,2
2983,procedure,2
2984,audition,2
2985,fuel,2
2986,courage,2
2987,convictions,2
2988,singular,2
2989,speeches,2
2990,cio,2
2991,ctos,2
2992,erp,2
2993,facing,2
2994,abreast,2
2995,forrestersponsored,2
2996,achievement,2
2997,bs,2
2998,instincts,2
2999,tick,2
3000,fascination,2
3001,memorable,2
3002,disparate,2
3003,provocative,2
3004,ftp,2
3005,oversees,2
3006,funders,2
3007,typically,2
3008,arterys,2
3009,radical,2
3010,datadriven,2
3011,collecting,2
3012,brainstorming,2
3013,server,2
3014,performed,2
3015,disclaimer,2
3016,motley,2
3017,fool,2
3018,impartial,2
3019,placements,2
3020,continuously,2
3021,engine,2
3022,weta,2
3023,colocation,2
3024,softwaredefined,2
3025,connecticut,2
3026,sessions,2
3027,writingintensive,2
3028,snapchat,2
3029,involved,2
3030,stringent,2
3031,timeframes,2
3032,prioritiesconditions,2
3033,constituencies,2
3034,worklife,2
3035,affirmatively,2
3036,nprextra,2
3037,nprlife,2
3038,nprorgcareers,2
3039,offplatform,2
3040,choose,2
3041,transfer,2
3042,sagaftra,2
3043,producersports,2
3044,register,2
3045,welcome,2
3046,unstructured,2
3047,oriented,2
3048,passionately,2
3049,pittsburgh,2
3050,alhurra,2
3051,predictive,2
3052,whenever,1
3053,wherever,1
3054,whatever,1
3055,desktopmobilesocial,1
3056,photoediting,1
3057,happens,1
3058,broadcastdigital,1
3059,photosvideos,1
3060,usergenerated,1
3061,break,1
3062,discrete,1
3063,mvps,1
3064,viable,1
3065,notebooks,1
3066,validate,1
3067,retrain,1
3068,repositories,1
3069,version,1
3070,codenotebooks,1
3071,consumable,1
3072,lineofbusiness,1
3073,endusers,1
3074,pain,1
3075,definitions,1
3076,tshaped,1
3077,probability,1
3078,consume,1
3079,supervised,1
3080,unsupervised,1
3081,semisupervised,1
3082,ingestion,1
3083,ensemble,1
3084,predicting,1
3085,diagnosing,1
3086,fitting,1
3087,sampling,1
3088,nets,1
3089,statuscompany,1
3090,enriching,1
3091,verisk,1
3092,legacy,1
3093,stronger,1
3094,aligning,1
3095,unrivalled,1
3096,assets,1
3097,allowing,1
3098,invaluable,1
3099,ultimately,1
3100,readercustomer,1
3101,marketers,1
3102,conceive,1
3103,typical,1
3104,nimble,1
3105,pace,1
3106,derive,1
3107,definition,1
3108,prioritising,1
3109,adverting,1
3110,ambitions,1
3111,productsfeatures,1
3112,satisfaction,1
3113,segment,1
3114,rates,1
3115,610,1
3116,customeroriented,1
3117,ecommerce,1
3118,medianews,1
3119,behaviour,1
3120,roadmap,1
3121,subscriber,1
3122,funnels,1
3123,behaviours,1
3124,translating,1
3125,userbusiness,1
3126,wellformed,1
3127,epics,1
3128,understands,1
3129,proposition,1
3130,collected,1
3131,decisive,1
3132,maker,1
3133,tradeoffs,1
3134,journey,1
3135,getting,1
3136,valuable,1
3137,e,1
3138,httpwwweeocgovdesired,1
3139,styleabout,1
3140,serviceoriented,1
3141,comprised,1
3142,pros,1
3143,reactive,1
3144,pioneered,1
3145,specialize,1
3146,steady,1
3147,economists,1
3148,thoughtleaders,1
3149,goaloriented,1
3150,mediarelations,1
3151,marketplace,1
3152,fueled,1
3153,grown,1
3154,employeedriven,1
3155,therefore,1
3156,preparations,1
3157,knowjob,1
3158,reviewing,1
3159,computational,1
3160,pandas,1
3161,scikitlearn,1
3162,libraries,1
3163,tensorflow,1
3164,scikit,1
3165,spacy,1
3166,nltk,1
3167,respected,1
3168,comfort,1
3169,contingencies,1
3170,datafocused,1
3171,excitement,1
3172,digitalprint,1
3173,upholds,1
3174,jobreq14598job,1
3175,datainformed,1
3176,mar,1
3177,researchminded,1
3178,nontechnical,1
3179,manipulating,1
3180,nielsen,1
3181,comscore,1
3182,kantar,1
3183,precision,1
3184,paramount,1
3185,mustread,1
3186,disruptors,1
3187,1930,1
3188,burgeoning,1
3189,powered,1
3190,editions,1
3191,mustattend,1
3192,coveted,1
3193,alist,1
3194,conference,1
3195,httpadagecom,1
3196,httpstwittercomadage,1
3197,forefront,1
3198,combining,1
3199,anywhere,1
3200,privately,1
3201,elevating,1
3202,correspondent,1
3203,independence,1
3204,meaning,1
3205,infuse,1
3206,connections,1
3207,friendly,1
3208,profitable,1
3209,craincomm,1
3210,craincareers,1
3211,mycrainview,1
3212,craincares,1
3213,glassdoor,1
3214,employerprotected,1
3215,veteransindividuals,1
3216,discharge,1
3217,inquired,1
3218,disclosed,1
3219,disclose,1
3220,complaint,1
3221,b,1
3222,furtherance,1
3223,proceeding,1
3224,hearing,1
3225,c,1
3226,duty,1
3227,furnish,1
3228,packagingmintel,1
3229,customized,1
3230,toptier,1
3231,kingdom,1
3232,chicagobased,1
3233,thoughtleading,1
3234,tasked,1
3235,mintels,1
3236,manufacturers,1
3237,ingredient,1
3238,suppliers,1
3239,gleaned,1
3240,consultancy,1
3241,npdcompetitive,1
3242,multi,1
3243,racecolorsexsexual,1
3244,orientationgender,1
3245,identityreligionnational,1
3246,origindisabilityvets,1
3247,libf195000,1
3248,yearwelcome,1
3249,nonpartisan,1
3250,vote,1
3251,raise,1
3252,kids,1
3253,raising,1
3254,spurring,1
3255,reforms,1
3256,showing,1
3257,teambased,1
3258,jerks,1
3259,guided,1
3260,scientific,1
3261,method,1
3262,hypotheses,1
3263,assemble,1
3264,automated,1
3265,sport,1
3266,messy,1
3267,rely,1
3268,repeatable,1
3269,crafty,1
3270,bunch,1
3271,lookout,1
3272,explorer,1
3273,hesitate,1
3274,pick,1
3275,clarity,1
3276,fancy,1
3277,transparent,1
3278,precise,1
3279,enough,1
3280,approachable,1
3281,custodian,1
3282,twofactor,1
3283,authentication,1
3284,password,1
3285,encryption,1
3286,ruby,1
3287,parsing,1
3288,rust,1
3289,esoteric,1
3290,definite,1
3291,command,1
3292,grep,1
3293,goes,1
3294,cell,1
3295,conversant,1
3296,encounter,1
3297,asking,1
3298,papers,1
3299,filing,1
3300,picking,1
3301,teamcentered,1
3302,salaries,1
3303,pet,1
3304,contributions,1
3305,begins,1
3306,95000,1
3307,dri,1
3308,joined,1
3309,probably,1
3310,lost,1
3311,employmentdesired,1
3312,sqljournalismawspythonshell,1
3313,scriptingjavascriptjob,1
3314,audiencerelated,1
3315,bolstering,1
3316,fullstack,1
3317,prototypes,1
3318,staffers,1
3319,rd,1
3320,rapid,1
3321,prototyping,1
3322,suited,1
3323,optimal,1
3324,extraction,1
3325,loading,1
3326,bash,1
3327,cloudbased,1
3328,bigquery,1
3329,aws,1
3330,dataproc,1
3331,pubsub,1
3332,jobreq14570job,1
3333,dcbased,1
3334,entrylevel,1
3335,jobreq14584desired,1
3336,listeningphotographyap,1
3337,styleomniturejob,1
3338,cbs,1
3339,11th,1
3340,happenings,1
3341,wings,1
3342,slideshows,1
3343,streams,1
3344,clickable,1
3345,rewrite,1
3346,understandable,1
3347,night,1
3348,holiday,1
3349,informationwe,1
3350,categorydefining,1
3351,delighting,1
3352,seattle,1
3353,lots,1
3354,got,1
3355,thousands,1
3356,visitors,1
3357,readership,1
3358,going,1
3359,dataminded,1
3360,penchant,1
3361,detailed,1
3362,tackle,1
3363,teammates,1
3364,wrote,1
3365,brandbuilding,1
3366,land,1
3367,httpstextioai,1
3368,linguists,1
3369,linguistics,1
3370,math,1
3371,webinar,1
3372,mentality,1
3373,prove,1
3374,trying,1
3375,writingtextio,1
3376,stands,1
3377,gem,1
3378,worth,1
3379,thousand,1
3380,disciplined,1
3381,concurrently,1
3382,low,1
3383,ego,1
3384,mainstay,1
3385,serious,1
3386,httpstextiocomcareers,1
3387,usdigital,1
3388,franchise,1
3389,bbc,1
3390,wgbh,1
3391,publisher,1
3392,epeditor,1
3393,surprising,1
3394,interconnected,1
3395,beyondbroadcast,1
3396,industrious,1
3397,interacts,1
3398,affects,1
3399,reliably,1
3400,needle,1
3401,generates,1
3402,buzz,1
3403,respectful,1
3404,urged,1
3405,theworldorg,1
3406,buyin,1
3407,eicep,1
3408,formation,1
3409,responsibilitiesessential,1
3410,60,1
3411,locate,1
3412,reportspackages,1
3413,longrange,1
3414,walks,1
3415,jobspriorg,1
3416,discretionposting,1
3417,074148,1
3418,chair,1
3419,rank,1
3420,unionized,1
3421,advances,1
3422,interdisciplinary,1
3423,html5,1
3424,webinternet,1
3425,uiux,1
3426,vector,1
3427,dynamism,1
3428,everchanging,1
3429,labs,1
3430,foster,1
3431,experimental,1
3432,upperlevel,1
3433,wellknown,1
3434,communityindustry,1
3435,toolsequipment,1
3436,letterresumevitaeteaching,1
3437,statementportfolio,1
3438,urllist,1
3439,emailphone,1
3440,arrive,1
3441,grounds,1
3442,heavily,1
3443,recruited,1
3444,employed,1
3445,booths,1
3446,capstone,1
3447,biennial,1
3448,fullday,1
3449,revolve,1
3450,facilities,1
3451,art,1
3452,boasts,1
3453,princeton,1
3454,earn,1
3455,collegiate,1
3456,studentrun,1
3457,nationally,1
3458,acclaimed,1
3459,thenewshousecom,1
3460,honors,1
3461,aejmc,1
3462,spj,1
3463,ona,1
3464,condé,1
3465,nast,1
3466,meredith,1
3467,pulitzers,1
3468,benchmark,1
3469,trips,1
3470,curricular,1
3471,consortium,1
3472,israel,1
3473,liberia,1
3474,ukraine,1
3475,endowed,1
3476,chairs,1
3477,explanatory,1
3478,regarded,1
3479,2000,1
3480,housed,1
3481,250000squarefoot,1
3482,threebuilding,1
3483,stateoftheart,1
3484,classrooms,1
3485,300seat,1
3486,auditorium,1
3487,wing,1
3488,café,1
3489,spaces,1
3490,renovation,1
3491,hightech,1
3492,rivals,1
3493,hollywood,1
3494,studios,1
3495,hub,1
3496,meets,1
3497,topoftheline,1
3498,facility,1
3499,tradition,1
3500,secured,1
3501,incoming,1
3502,average,1
3503,385,1
3504,gpa,1
3505,httpnewhousesyredu,1
3506,14000,1
3507,4000,1
3508,full¬time,1
3509,124,1
3510,1870,1
3511,colleges,1
3512,mediumsized,1
3513,situated,1
3514,miles,1
3515,northwest,1
3516,metroarea,1
3517,totals,1
3518,500000,1
3519,recreational,1
3520,museums,1
3521,festivals,1
3522,symphony,1
3523,orchestra,1
3524,theater,1
3525,malls,1
3526,movie,1
3527,theaters,1
3528,seasonal,1
3529,attractions,1
3530,water,1
3531,snow,1
3532,hiking,1
3533,adirondacks,1
3534,touring,1
3535,wineries,1
3536,finger,1
3537,lakes,1
3538,biking,1
3539,trails,1
3540,erie,1
3541,canal,1
3542,edition,1
3543,almanac,1
3544,eeoc,1
3545,affirmativeaction,1
3546,extent,1
3547,transition,1
3548,17th,1
3549,1947,1
3550,servicemans,1
3551,readjustment,1
3552,1944,1
3553,yellow,1
3554,ribbon,1
3555,provision,1
3556,reflect,1
3557,worldview,1
3558,recognizes,1
3559,similarities,1
3560,appreciate,1
3561,inherently,1
3562,racial,1
3563,beliefs,1
3564,socioeconomic,1
3565,traditions,1
3566,orientations,1
3567,identities,1
3568,ourselves,1
3569,celebrates,1
3570,inclusivity,1
3571,10242018,1
3572,12072018,1
3573,applicantsyou,1
3574,specializes,1
3575,d,1
3576,s,1
3577,simon,1
3578,hotels,1
3579,onlocation,1
3580,behindthescenes,1
3581,booking,1
3582,scheduling,1
3583,trades,1
3584,invite,1
3585,attendees,1
3586,prospects,1
3587,ppts,1
3588,blurbs,1
3589,postshare,1
3590,ppt,1
3591,learner,1
3592,suites,1
3593,describing,1
3594,careersdssimoncom,1
3595,emailwho,1
3596,donejoin,1
3597,sits,1
3598,ux,1
3599,sensibility,1
3600,illustration,1
3601,serverside,1
3602,pool,1
3603,mainly,1
3604,consist,1
3605,graduates,1
3606,postgraduates,1
3607,guild,1
3608,yearlong,1
3609,19,1
3610,httpswwwnytimescominteractive2018jobstimesfellowshiphtml,1
3611,characteristicsthe,1
3612,asst,1
3613,relationssocial,1
3614,listeningdesign,1
3615,experiencewho,1
3616,donedesired,1
3617,excelmicrosoft,1
3618,powerpointasst,1
3619,lawthe,1
3620,mcclatchy,1
3621,sc,1
3622,whisperer,1
3623,served,1
3624,parsely,1
3625,historical,1
3626,acquisitionuse,1
3627,liam0101nov2018,1
3628,financeaccounting,1
3629,166543br,1
3630,typefull,1
3631,turner,1
3632,warner,1
3633,bros,1
3634,screens,1
3635,technological,1
3636,frontiers,1
3637,reputations,1
3638,homes,1
3639,allow,1
3640,visions,1
3641,accomplished,1
3642,measures,1
3643,championing,1
3644,preparationreview,1
3645,earnings,1
3646,partnering,1
3647,forecasts,1
3648,progressive,1
3649,orientated,1
3650,reengineering,1
3651,mathematical,1
3652,cpa,1
3653,preferrednonexampt,1
3654,leadgeneration,1
3655,customize,1
3656,regions,1
3657,entrytomidlevel,1
3658,proofread,1
3659,texts,1
3660,nonnative,1
3661,readability,1
3662,ample,1
3663,acceptable,1
3664,trainingexperience,1
3665,plusses,1
3666,pass,1
3667,onehour,1
3668,writingediting,1
3669,technologyrelated,1
3670,concurrentlymust,1
3671,writingmust,1
3672,curve,1
3673,mates,1
3674,healthcareabout,1
3675,http,1
3676,split,1
3677,massively,1
3678,102,1
3679,cities,1
3680,biggest,1
3681,delays,1
3682,partitions,1
3683,excess,1
3684,integrating,1
3685,administering,1
3686,systemslevel,1
3687,rest,1
3688,cluster,1
3689,mesos,1
3690,marathon,1
3691,queries,1
3692,linuxunix,1
3693,productionizing,1
3694,released1111,1
3695,ourprivacy,1
3696,law73342,1
3697,yearintroduction,1
3698,57000,1
3699,44,1
3700,documented,1
3701,132,1
3702,attends,1
3703,dispositions,1
3704,outlined,1
3705,quest,1
3706,studentcentered,1
3707,fearless,1
3708,persist,1
3709,strengths,1
3710,vulnerable,1
3711,diversitydriven,1
3712,aspirations,1
3713,reimagining,1
3714,innovations,1
3715,strengthen,1
3716,instructional,1
3717,champion,1
3718,equity,1
3719,unleash,1
3720,solvers,1
3721,delicious,1
3722,dignified,1
3723,choice,1
3724,closer,1
3725,transforming,1
3726,scratch,1
3727,cooking,1
3728,fortunate,1
3729,trajectory,1
3730,menus,1
3731,maximally,1
3732,refining,1
3733,districtwide,1
3734,tastetest,1
3735,pilot,1
3736,farm,1
3737,communal,1
3738,oneonone,1
3739,elementary,1
3740,eed,1
3741,protocols,1
3742,vehicle,1
3743,spec,1
3744,ingredients,1
3745,supplies,1
3746,adopted,1
3747,purchasing,1
3748,lunch,1
3749,breakfast,1
3750,snack,1
3751,beverage,1
3752,bid,1
3753,speculation,1
3754,negotiation,1
3755,recipe,1
3756,crediting,1
3757,blogs,1
3758,senses,1
3759,communitybased,1
3760,nutritional,1
3761,strongest,1
3762,selling,1
3763,sourcing,1
3764,sanitation,1
3765,safety,1
3766,serv,1
3767,certification,1
3768,codes,1
3769,73342,1
3770,annually,1
3771,pension,1
3772,spending,1
3773,equitycentered,1
3774,selves,1
3775,institutional,1
3776,quantities,1
3777,acquired,1
3778,restaurants,1
3779,possession,1
3780,baccalaureate,1
3781,completed,1
3782,hotel,1
3783,restaurant,1
3784,substitution,1
3785,stated,1
3786,substituted,1
3787,yearforyear,1
3788,semester45,1
3789,quarter,1
3790,equals,1
3791,fingerprinted,1
3792,fingerprints,1
3793,doj,1
3794,fbi,1
3795,except,1
3796,bar,1
3797,5164,1
3798,preclude,1
3799,fingerprinting,1
3800,designated,1
3801,31003109,1
3802,affirmation,1
3803,loyalty,1
3804,oath,1
3805,workerrelated,1
3806,ordered,1
3807,emergency,1
3808,conclusion,1
3809,verify,1
3810,verifying,1
3811,credits,1
3812,equivalency,1
3813,found,1
3814,httpsfdhrorghowverifyeducationrequirements,1
3815,falsifying,1
3816,attempted,1
3817,deception,1
3818,disqualification,1
3819,shall,1
3820,unlawful,1
3821,intimidation,1
3822,bullying,1
3823,parental,1
3824,2009,1
3825,pursuant,1
3826,charter,1
3827,a8432,1
3828,pretax,1
3829,retiree,1
3830,towards,1
3831,751325,1
3832,heredesired,1
3833,analysismicrosoft,1
3834,powerpointsenior,1
3835,commerical,1
3836,heaquarters,1
3837,minneapolis,1
3838,acting,1
3839,successes,1
3840,exist,1
3841,puts,1
3842,frequent,1
3843,exposure,1
3844,risk,1
3845,adhoc,1
3846,kpi,1
3847,deriving,1
3848,influencing,1
3849,ambiguity,1
3850,personality,1
3851,characterized,1
3852,preferable,1
3853,query,1
3854,pivot,1
3855,contained,1
3856,pursuing,1
3857,easier,1
3858,employing,1
3859,10000,1
3860,world´s,1
3861,coloplastcom,1
3862,eoe,1
3863,mwvetsdisabled15,1
3864,hourparttime,1
3865,internshipwamu,1
3866,metro,1
3867,amount,1
3868,period,1
3869,exception,1
3870,schedules,1
3871,winterspring,1
3872,pleased,1
3873,recieve,1
3874,invitations,1
3875,dcissues,1
3876,pop,1
3877,humorwith,1
3878,apart,1
3879,mirrorhelping,1
3880,wants,1
3881,mondayfriday,1
3882,am12,1
3883,shorter,1
3884,livestream,1
3885,matched,1
3886,kinds,1
3887,districtpublishing,1
3888,tales,1
3889,curiosities,1
3890,playful,1
3891,authoritative,1
3892,digging,1
3893,inequality,1
3894,beats,1
3895,highlights,1
3896,tweets,1
3897,monday,1
3898,thursday,1
3899,resident,1
3900,tom,1
3901,sherwood,1
3902,dots,1
3903,annapolis,1
3904,richmond,1
3905,folded,1
3906,captivating,1
3907,wellread,1
3908,interests,1
3909,literature,1
3910,aspiring,1
3911,fastchanging,1
3912,exposed,1
3913,impart,1
3914,newsas,1
3915,affairsespecially,1
3916,myau,1
3917,portal,1
3918,tile,1
3919,theworklineamericanedu,1
3920,income,1
3921,collectively,1
3922,activitiesinternshipdesired,1
3923,journalismhtml5ap,1
3924,styledate,1
3925,unbiased,1
3926,corner,1
3927,1846,1
3928,sees,1
3929,summer,1
3930,developerjournalists,1
3931,datarich,1
3932,drilling,1
3933,elections,1
3934,breakingnews,1
3935,pixels,1
3936,interacting,1
3937,relevance,1
3938,governing,1
3939,earning,1
3940,juniors,1
3941,seniors,1
3942,sophomores,1
3943,interactivegraphics,1
3944,3d,1
3945,animations,1
3946,recognize,1
3947,grammatical,1
3948,attentive,1
3949,submission,1
3950,300word,1
3951,autobiographical,1
3952,essay,1
3953,embodies,1
3954,achievements,1
3955,qualities,1
3956,projected,1
3957,graduation,1
3958,printtext,1
3959,adviser,1
3960,collegeuniversity,1
3961,letterhead,1
3962,grounded,1
3963,lawsrole,1
3964,electricity,1
3965,draw,1
3966,players,1
3967,convene,1
3968,concert,1
3969,renewables,1
3970,peopleteam,1
3971,implementing,1
3972,webemail,1
3973,renewablescleantech,1
3974,pardot,1
3975,mackenzies,1
3976,httpwwweeocgovthe,1
3977,laboratory,1
3978,bizlabs,1
3979,wbur,1
3980,collaborations,1
3981,podcasters,1
3982,enormous,1
3983,sustainable,1
3984,pad,1
3985,startups,1
3986,evernote,1
3987,smartsheets,1
3988,todoist,1
3989,tackling,1
3990,unexpected,1
3991,hangouts,1
3992,mailchimp,1
3993,shopify,1
3994,monkey,1
3995,forms,1
3996,disruption,1
3997,relate,1
3998,experiencemore,1
3999,shapes,1
4000,investors,1
4001,viewed,1
4002,crucial,1
4003,firms,1
4004,summaries,1
4005,arise,1
4006,pressing,1
4007,inception,1
4008,carry,1
4009,confidentiality,1
4010,securities,1
4011,substantial,1
4012,corporations,1
4013,1869,1
4014,©,1
4015,reserved,1
4016,employmentaffirmative,1
4017,femaleminoritydisabilityvet14,1
4018,hourinternshipthe,1
4019,chapters,1
4020,volunteer,1
4021,strengthening,1
4022,jargonfree,1
4023,accessing,1
4024,called,1
4025,printing,1
4026,collating,1
4027,1520,1
4028,hourly,1
4029,negotiable,1
4030,acquire,1
4031,brought,1
4032,conferencing,1
4033,inman,1
4034,square,1
4035,1035,1
4036,02139,1
4037,miyamoto,1
4038,relatively,1
4039,trained,1
4040,briefs,1
4041,spotlights,1
4042,podio,1
4043,identified,1
4044,chapter,1
4045,outgoing,1
4046,meticulous,1
4047,dropbox,1
4048,problemsolvingas,1
4049,familycentered,1
4050,300000,1
4051,clinics,1
4052,delaware,1
4053,jersey,1
4054,pennsylvania,1
4055,strives,1
4056,tomorrow,1
4057,enter,1
4058,doors,1
4059,worldchanging,1
4060,privilege,1
4061,treat,1
4062,plays,1
4063,fla,1
4064,continuum,1
4065,multidisciplinary,1
4066,liaisons,1
4067,approved,1
4068,contracted,1
4069,prioritized,1
4070,profitability,1
4071,prepares,1
4072,geographies,1
4073,stewardship,1
4074,insure,1
4075,dollars,1
4076,allocated,1
4077,fiscal,1
4078,invoices,1
4079,processed,1
4080,correctly,1
4081,accesses,1
4082,interprets,1
4083,glean,1
4084,differentiated,1
4085,endtoend,1
4086,implemented,1
4087,adherence,1
4088,consultation,1
4089,deployment,1
4090,representative,1
4091,utilizes,1
4092,situation,1
4093,vetting,1
4094,investments,1
4095,reasonably,1
4096,masters,1
4097,earns,1
4098,workplaces,1
4099,bridge,1
4100,bestqualified,1
4101,openingsdesired,1
4102,effectsadobe,1
4103,premiereadobe,1
4104,photoshopadobe,1
4105,illustratorjob,1
4106,jobreq14347digitalfirst,1
4107,rtv6,1
4108,indianapolisarea,1
4109,relied,1
4110,accountabilityfocused,1
4111,tips,1
4112,uncover,1
4113,gathers,1
4114,verifies,1
4115,observation,1
4116,organizes,1
4117,material,1
4118,determines,1
4119,slant,1
4120,prescribed,1
4121,illustrate,1
4122,managment,1
4123,appears,1
4124,taped,1
4125,narration,1
4126,newscast,1
4127,experiencecertifications,1
4128,deadlinedriven,1
4129,drivers,1
4130,insurability,1
4131,75,1
4132,lbs,1
4133,ssp,1
4134,33,1
4135,nations,1
4136,owners,1
4137,newsy,1
4138,midroll,1
4139,fastgrowing,1
4140,bounce,1
4141,grit,1
4142,escape,1
4143,laff,1
4144,pickler,1
4145,longtime,1
4146,steward,1
4147,spelling,1
4148,bee,1
4149,1878,1
4150,decades,1
4151,motto,1
4152,violation,1
4153,furthermore,1
4154,companythe,1
4155,associations,1
4156,gatf,1
4157,publicprivate,1
4158,deputy,1
4159,followups,1
4160,fill,1
4161,unavailable,1
4162,passing,1
4163,contracts,1
4164,liaise,1
4165,controller,1
4166,junior,1
4167,assistants,1
4168,workloads,1
4169,paper,1
4170,adhere,1
4171,donor,1
4172,synthesizing,1
4173,tailoring,1
4174,evidenced,1
4175,msoffice,1
4176,gatfpc,1
4177,visasabout,1
4178,announce,1
4179,scowcroft,1
4180,earlymidcareer,1
4181,perceptions,1
4182,counterparts,1
4183,rulesbased,1
4184,transatlanticpacific,1
4185,tentatively,1
4186,scheduled,1
4187,sometime,1
4188,highlevel,1
4189,occur,1
4190,attending,1
4191,ground,1
4192,though,1
4193,said,1
4194,lodging,1
4195,costs,1
4196,giving,1
4197,pertinent,1
4198,trilateral,1
4199,happened,1
4200,thus,1
4201,far,1
4202,months,1
4203,momentous,1
4204,toward,1
4205,agreements,1
4206,panmunjom,1
4207,singapore,1
4208,summit,1
4209,pyongyang,1
4210,wellinformed,1
4211,enabling,1
4212,opens,1
4213,featuring,1
4214,fred,1
4215,kempe,1
4216,columnist,1
4217,david,1
4218,ignatius,1
4219,closes,1
4220,tbc,1
4221,requirementsprogram,1
4222,asian,1
4223,publishedbroadcast,1
4224,reel,1
4225,kfjournalistfellowshipatlanticcouncilorg,1
4226,recommender,1
4227,recommenders,1
4228,naming,1
4229,conventions,1
4230,rec,1
4231,attach,1
4232,vimeo,1
4233,mention,1
4234,incomplete,1
4235,notified,1
4236,remain,1
4237,journalistfree,1
4238,analyticsdigital,1
4239,marketingseothe,1
4240,keyword,1
4241,pulling,1
4242,facet,1
4243,finder,1
4244,selfdriven,1
4245,resultsoriented,1
4246,ideation,1
4247,pacing,1
4248,3rd,1
4249,returns,1
4250,untapped,1
4251,ontime,1
4252,answer,1
4253,modintelechy,1
4254,die,1
4255,tying,1
4256,y,1
4257,excessive,1
4258,manipulate,1
4259,picture,1
4260,humor,1
4261,sem,1
4262,decks,1
4263,communicationsnbc,1
4264,risks,1
4265,conventional,1
4266,chops,1
4267,question,1
4268,step,1
4269,afraid,1
4270,fail,1
4271,toolkits,1
4272,templates,1
4273,requested,1
4274,versions,1
4275,styles,1
4276,extended,1
4277,notice,1
4278,dispute,1
4279,resolution,1
4280,effectspremiere,1
4281,consumption,1
4282,believes,1
4283,citylos,1
4284,applicableposition,1
4285,ecosystems,1
4286,portfoliorelated,1
4287,liquidations,1
4288,exchanges,1
4289,grantees,1
4290,consistency,1
4291,followup,1
4292,proposal,1
4293,regionspecific,1
4294,beneficial,1
4295,demonstrable,1
4296,critically,1
4297,juggling,1
4298,prioritizing,1
4299,menapamaghreb,1
4300,contacted,1
4301,sentence,1
4302,visasinternshipresponsibilities,1
4303,arranging,1
4304,tumblr,1
4305,workshopstrainings,1
4306,enrolled,1
4307,degreegranting,1
4308,august,1
4309,rolling,1
4310,consideredwabctv,1
4311,eyewitness,1
4312,587428brto,1
4313,587428brstrong,1
4314,wwwdisneycareerscom,1
4315,587428br,1
4316,587428responsibilities,1
4317,trainers,1
4318,payments,1
4319,consideredwcbs,1
4320,searching,1
4321,writerdigital,1
4322,mornings,1
4323,evenings,1
4324,above,1
4325,todays,1
4326,compliant,1
4327,fronts,1
4328,accordingly,1
4329,newsmakers,1
4330,promotes,1
4331,editingsocial,1
4332,managementnew,1
4333,radios,1
4334,joyful,1
4335,rooted,1
4336,relaunch,1
4337,devotees,1
4338,omnivores,1
4339,culinarily,1
4340,adventurous,1
4341,etiquette,1
4342,bodega,1
4343,cat,1
4344,aficionadosin,1
4345,skepticism,1
4346,nyc,1
4347,shepherding,1
4348,gothamistcom,1
4349,myriad,1
4350,collaborator,1
4351,sharp,1
4352,trending,1
4353,openminded,1
4354,gothamistwnyc,1
4355,definitive,1
4356,yorkers,1
4357,savvy,1
4358,issuesand,1
4359,realized,1
4360,takegive,1
4361,hoursweek,1
4362,prescription,1
4363,403b,1
4364,fantastic,1
4365,personalsick,1
4366,bullet,1
4367,candidateapply,1
4368,expressing,1
4369,statusthe,1
4370,grey,1
4371,architect,1
4372,ship,1
4373,cicd,1
4374,welldefined,1
4375,oncall,1
4376,offhours,1
4377,incidents,1
4378,blazes,1
4379,swift,1
4380,breadth,1
4381,vulnerabilities,1
4382,owasp,1
4383,methodology,1
4384,lihk1,1
4385,characteristicsdesired,1
4386,relationsdigital,1
4387,adwordsmicrosoft,1
4388,officeadobe,1
4389,photoshopmarketingcurrent,1
4390,consumerdirected,1
4391,promotions,1
4392,onlinewebinteractive,1
4393,adjusts,1
4394,coordinated,1
4395,footprint,1
4396,researches,1
4397,lower,1
4398,landing,1
4399,adwords,1
4400,pinterest,1
4401,outbrain,1
4402,taboola,1
4403,forecastingreporting,1
4404,finish,1
4405,convince,1
4406,sell,1
4407,stress,1
4408,tolerance,1
4409,composure,1
4410,faced,1
4411,difficult,1
4412,crafting,1
4413,placing,1
4414,externally,1
4415,4year,1
4416,certifications,1
4417,none,1
4418,il,1
4419,233,1
4420,n,1
4421,avenue,1
4422,300,1
4423,60601,1
4424,titledesired,1
4425,suitemicrosoft,1
4426,wordwordpressmicrosoft,1
4427,powerpointthe,1
4428,convenes,1
4429,extend,1
4430,understandings,1
4431,publics,1
4432,auspices,1
4433,possibility,1
4434,figures,1
4435,publicityin,1
4436,competitions,1
4437,agendas,1
4438,breakdown,1
4439,informational,1
4440,brochures,1
4441,responding,1
4442,escalate,1
4443,drafts,1
4444,flyers,1
4445,advertisements,1
4446,publicity,1
4447,grade,1
4448,positionspecific,1
4449,committees,1
4450,computertechnology,1
4451,etcability,1
4452,followthrough,1
4453,mutually,1
4454,3950,1
4455,characters,1
4456,indications,1
4457,hipaa,1
4458,surveillance,1
4459,waiver,1
4460,09192018,1
4461,jobscolumbiaeduapplicantscentralquickfind172004about,1
4462,nourish,1
4463,matterstories,1
4464,provoke,1
4465,entertain,1
4466,emotion,1
4467,decorated,1
4468,journalistically,1
4469,celebrating,1
4470,75th,1
4471,anniversary,1
4472,birthplace,1
4473,celebrated,1
4474,wait,1
4475,wait…dont,1
4476,serial,1
4477,obama,1
4478,oprah,1
4479,trouble,1
4480,shannon,1
4481,cason,1
4482,enriches,1
4483,belong,1
4484,eclectic,1
4485,hiphop,1
4486,rb,1
4487,house,1
4488,gateway,1
4489,intersection,1
4490,spinning,1
4491,oclock,1
4492,jill,1
4493,hopkins,1
4494,reclaimed,1
4495,cuts,1
4496,rare,1
4497,gems,1
4498,golden,1
4499,era,1
4500,ayana,1
4501,contreras,1
4502,latin,1
4503,sundays,1
4504,jesus,1
4505,echeverria,1
4506,rocio,1
4507,santos,1
4508,effortlessly,1
4509,pictures,1
4510,latinx,1
4511,brim,1
4512,compellingly,1
4513,authentically,1
4514,truly,1
4515,vocaloorg,1
4516,artist,1
4517,polls,1
4518,tunein,1
4519,listings,1
4520,played,1
4521,songs,1
4522,discoveries,1
4523,inline,1
4524,spotify,1
4525,mechanisms,1
4526,vocaloorglocalmusic,1
4527,elevates,1
4528,chisoundslike,1
4529,endeavor,1
4530,websocial,1
4531,aired,1
4532,amplifies,1
4533,cpm,1
4534,aggregators,1
4535,imagining,1
4536,vernacular,1
4537,emojis,1
4538,hashtags,1
4539,tagging,1
4540,concerts,1
4541,conceptualizing,1
4542,arms,1
4543,flagship,1
4544,cares,1
4545,nurturing,1
4546,multiculturalism,1
4547,reflective,1
4548,maternity,1
4549,affordable,1
4550,403bretirement,1
4551,represented,1
4552,sag,1
4553,aftradesired,1
4554,managementwordpresswe,1
4555,hardworking,1
4556,digitalfirst,1
4557,failing,1
4558,moving,1
4559,unlimited,1
4560,responsibilitieswrite,1
4561,platformsmanage,1
4562,newslettermanage,1
4563,profilescurate,1
4564,aggregate,1
4565,qualificationsnative,1
4566,instagramsome,1
4567,preferredconfident,1
4568,audiencesability,1
4569,environmentcan,1
4570,themexcellent,1
4571,everythingimpeccable,1
4572,experience2,1
4573,mediadesired,1
4574,marketingdigital,1
4575,marketingap,1
4576,styledo,1
4577,wwwfusion360studioscom,1
4578,dragoons,1
4579,brandedcontent,1
4580,segments,1
4581,yoda,1
4582,chucks,1
4583,armed,1
4584,teeth,1
4585,green,1
4586,5dm3,1
4587,imac,1
4588,electric,1
4589,macarena,1
4590,afternoons,1
4591,pair,1
4592,skinny,1
4593,jeans,1
4594,hot,1
4595,sustenance,1
4596,satan,1
4597,sous,1
4598,named,1
4599,rnked,1
4600,70,1
4601,utah,1
4602,walk,1
4603,dream,1
4604,dig,1
4605,moms,1
4606,lock,1
4607,ridiculous,1
4608,juggler,1
4609,circuslike,1
4610,sick,1
4611,dope,1
4612,chubby,1
4613,kid,1
4614,pants,1
4615,oldschool,1
4616,beastie,1
4617,boys,1
4618,jams,1
4619,audiencelistening,1
4620,stellar,1
4621,dance,1
4622,gunstyle,1
4623,fives,1
4624,star,1
4625,snorting,1
4626,coke,1
4627,vegas,1
4628,hookers,1
4629,hardtounderstand,1
4630,british,1
4631,dude,1
4632,drinks,1
4633,snacks,1
4634,ping,1
4635,pong,1
4636,foosball,1
4637,xbox,1
4638,steezy,1
4639,super,1
4640,chill,1
4641,atmosphere,1
4642,mindscompany,1
4643,feeds,1
4644,multiplatforms,1
4645,individually,1
4646,workrelated,1
4647,lib,1
4648,size,1
4649,computers,1
4650,telephones,1
4651,copiers,1
4652,scanners,1
4653,machines,1
4654,driver,1
4655,outdoors,1
4656,weather,1
4657,indoors,1
4658,environmentally,1
4659,controlled,1
4660,weighing,1
4661,pounds,1
4662,objects,1
4663,controls,1
4664,repetitive,1
4665,movements,1
4666,bright,1
4667,inadequate,1
4668,conditionsnote,1
4669,sunnyvale,1
4670,devise,1
4671,formers,1
4672,counter,1
4673,misinformation,1
4674,advantages,1
4675,lets,1
4676,advisor,1
4677,leadersand,1
4678,employeesabout,1
4679,googles,1
4680,distinctive,1
4681,culturevalues,1
4682,quickwitted,1
4683,intellectually,1
4684,crossfunctionally,1
4685,comms,1
4686,coherent,1
4687,easytounderstand,1
4688,whats,1
4689,demos,1
4690,infographics,1
4691,babs,1
4692,devising,1
4693,infrastructureasaservice,1
4694,platformasaservice,1
4695,softwareasaservice,1
4696,iaas,1
4697,paas,1
4698,saas,1
4699,alias,1
4700,resumesthe,1
4701,mfjs,1
4702,contemporary,1
4703,grounding,1
4704,globalization,1
4705,transformed,1
4706,communicationrelated,1
4707,farreaching,1
4708,pervasiveness,1
4709,ideological,1
4710,dimensions,1
4711,networked,1
4712,everyday,1
4713,studying,1
4714,theory,1
4715,skillproduction,1
4716,classes,1
4717,normal,1
4718,receipt,1
4719,productionpracticefocused,1
4720,digitalvisual,1
4721,suggest,1
4722,skillsets,1
4723,theorybased,1
4724,digitalmultimedia,1
4725,documentarian,1
4726,podcaster,1
4727,mst,1
4728,wwwduedujobs,1
4729,scroll,1
4730,bottom,1
4731,researchcreative,1
4732,syllabus,1
4733,du,1
4734,httpswwwdueducmeresourcesinclusiveexcellencehtml,1
4735,uploading,1
4736,lgbtq,1
4737,satisfactory,1
4738,check,1
4739,experiencelanguage,1
4740,respects,1
4741,prioritizes,1
4742,días,1
4743,came,1
4744,25year,1
4745,old,1
4746,journalistsowned,1
4747,operated,1
4748,born,1
4749,staffed,1
4750,strict,1
4751,hold,1
4752,perks,1
4753,pyramid,1
4754,club,1
4755,league,1
4756,happy,1
4757,viva,1
4758,viernes,1
4759,bilingual,1
4760,abundant,1
4761,replenish,1
4762,seniority,1
4763,lounge,1
4764,relax,1
4765,meal,1
4766,ipod,1
4767,breaks,1
4768,gym,1
4769,minute,1
4770,mastered,1
4771,selfsustaining,1
4772,brave,1
4773,confront,1
4774,dias,1
4775,reads,1
4776,imagewho,1
4777,innovating,1
4778,11000,1
4779,unmatched,1
4780,diagnostics,1
4781,detection,1
4782,imaging,1
4783,informatics,1
4784,earlier,1
4785,reported,1
4786,23,1
4787,billion,1
4788,2017,1
4789,150,1
4790,index,1
4791,counsel,1
4792,valued,1
4793,diseases,1
4794,detect,1
4795,contaminants,1
4796,toxic,1
4797,chemicals,1
4798,supply,1
4799,forging,1
4800,draftobtain,1
4801,stakeholder,1
4802,relationshipbuilding,1
4803,kols,1
4804,calendars,1
4805,round,1
4806,nonevent,1
4807,inhouse,1
4808,publicallytraded,1
4809,interactions,1
4810,eeoaa,1
4811,notch,1
4812,reimbursement,1
4813,401k,1
4814,vesting,1
4815,growththe,1
4816,ninemonth,1
4817,beginning,1
4818,acejmc,1
4819,undergraduates,1
4820,colleague,1
4821,adoption,1
4822,conceiving,1
4823,audiovideo,1
4824,documentary,1
4825,reality,1
4826,addressed,1
4827,kathleen,1
4828,richardson,1
4829,dean,1
4830,08262019,1
4831,resumecvdo,1
4832,hardcore,1
4833,disinformation,1
4834,corruption,1
4835,datascience,1
4836,intelligent,1
4837,statistically,1
4838,untrained,1
4839,quantile,1
4840,worst,1
4841,pie,1
4842,spent,1
4843,exploring,1
4844,superpowers,1
4845,educating,1
4846,nonnumbers,1
4847,comparable,1
4848,seen,1
4849,knows,1
4850,incompatible,1
4851,sanity,1
4852,aidshiv,1
4853,onthejob,1
4854,injuries,1
4855,personalized,1
4856,perfect,1
4857,versa,1
4858,jobsmotherjonescom,1
4859,pleasewbur,1
4860,effort,1
4861,medicine,1
4862,element,1
4863,patients,1
4864,producerreporter,1
4865,ii,1
4866,distinguishing,1
4867,junk,1
4868,practicing,1
4869,shoulder,1
4870,whichever,1
4871,vertical,1
4872,worldleading,1
4873,intimidated,1
4874,complexities,1
4875,oftenbrilliant,1
4876,rather,1
4877,experiencedesired,1
4878,postgresqlsqlhadoopelasticsearchdata,1
4879,warehousegodnspythonccredisabout,1
4880,observability,1
4881,resilience,1
4882,quicksilver,1
4883,filesystem,1
4884,encompass,1
4885,provisioning,1
4886,sre,1
4887,highlyautomated,1
4888,resilient,1
4889,scales,1
4890,programmer,1
4891,shipping,1
4892,operatingadministering,1
4893,multitenant,1
4894,failover,1
4895,faulttolerance,1
4896,recovery,1
4897,ceph,1
4898,hdfs,1
4899,bsms,1
4900,prometheus,1
4901,grafana,1
4902,kibana,1
4903,cockroachdb,1
4904,nonrelational,1
4905,timeseries,1
4906,opentsdb,1
4907,columnar,1
4908,warehousing,1
4909,privacy,1
4910,editingcome,1
4911,fastestgrowing,1
4912,nationalfacing,1
4913,sinclair,1
4914,sbg,1
4915,circacom,1
4916,adhering,1
4917,arlington,1
4918,wednesday,1
4919,10am,1
4920,7pm,1
4921,designed,1
4922,contententry,1
4923,contentrelated,1
4924,experiencecontractthe,1
4925,requiredoverview,1
4926,increasingly,1
4927,presents,1
4928,advises,1
4929,frameworks,1
4930,peopleworkforce,1
4931,respective,1
4932,niche,1
4933,evolve,1
4934,predict,1
4935,enabler,1
4936,incorporating,1
4937,bigpicture,1
4938,cohesive,1
4939,bodies,1
4940,writecreate,1
4941,workbooks,1
4942,consult,1
4943,inquiry,1
4944,industryrelated,1
4945,hr,1
4946,principalsenior,1
4947,applycompany,1
4948,wcmh,1
4949,columbus,1
4950,oh,1
4951,hunger,1
4952,directreporting,1
4953,sidebar,1
4954,authoring,1
4955,necessarydesired,1
4956,experienceresponsibilities,1
4957,projectmanagement,1
4958,staffstaff,1
4959,funder,1
4960,relationsreports,1
4961,implements,1
4962,developsoversees,1
4963,federalgrant,1
4964,usaiddrl,1
4965,funded,1
4966,multimilliondollar,1
4967,englishlanguage,1
4968,periodic,1
4969,28,1
4970,consideredthe,1
4971,cityspace,1
4972,conceptualizes,1
4973,curatorial,1
4974,exhibitions,1
4975,england,1
4976,experiencesummary,1
4977,ontheground,1
4978,fellow,1
4979,integritychecking,1
4980,bulletproof,1
4981,spotcheck,1
4982,foiaing,1
4983,computerassisted,1
4984,exclusive,1
4985,checking,1
4986,datascientific,1
4987,academia,1
4988,cleanly,1
4989,mongodb,1
4990,pythonpandas,1
4991,trust,1
4992,credibility,1
4993,constructive,1
4994,autonomously,1
4995,considerations,1
4996,strenuous,1
4997,dangerous,1
4998,construed,1
4999,exhaustive,1
5000,poverty,1
5001,convictiondesired,1
5002,stylelinkbuildingthe,1
5003,invest,1
5004,meant,1
5005,dose,1
5006,insatiable,1
5007,fools,1
5008,empower,1
5009,attain,1
5010,freedom,1
5011,launched,1
5012,rate,1
5013,cards,1
5014,mortgages,1
5015,noise,1
5016,leaves,1
5017,feeling,1
5018,helpless,1
5019,insecure,1
5020,save,1
5021,hybrid,1
5022,pigeon,1
5023,crueltyfree,1
5024,organic,1
5025,trafficled,1
5026,citations,1
5027,egofree,1
5028,highgrowth,1
5029,nurture,1
5030,prominent,1
5031,bloggers,1
5032,concepting,1
5033,contributor,1
5034,settle,1
5035,concisely,1
5036,engagingly,1
5037,intuition,1
5038,decisionsdesired,1
5039,experiencetime,1
5040,managementjournalismvideo,1
5041,productiondigital,1
5042,pbsorgnewshour,1
5043,relying,1
5044,discuss,1
5045,concentrations,1
5046,pathing,1
5047,complimentary,1
5048,lawoverview,1
5049,heavy,1
5050,quicker,1
5051,agility,1
5052,automation,1
5053,approaches,1
5054,formulate,1
5055,simplified,1
5056,seamless,1
5057,sacred,1
5058,conveys,1
5059,introduces,1
5060,regulatory,1
5061,assesses,1
5062,seminars,1
5063,photographyfinal,1
5064,projournalismvideo,1
5065,productionthe,1
5066,2018pdf,1
5067,sign,1
5068,2018pdfessential,1
5069,technically,1
5070,aesthetically,1
5071,newscasts,1
5072,photographers,1
5073,archiving,1
5074,archive,1
5075,nle,1
5076,practice,1
5077,stationsponsored,1
5078,resumecv,1
5079,nbcunicareerscom,1
5080,job1204748,1
5081,emergencies,1
5082,hartford,1
5083,ct,1
5084,ibew,1
5085,aftereffects,1
5086,nuclear,1
5087,waste,1
5088,quirky,1
5089,viral,1
5090,talker,1
5091,demand,1
5092,vod,1
5093,transport,1
5094,protocol,1
5095,codecs,1
5096,grass,1
5097,edius,1
5098,wvit,1
5099,cityhartford,1
5100,applicablea,1
5101,evaluates,1
5102,conjunction,1
5103,supervising,1
5104,suggests,1
5105,fills,1
5106,nprorg,1
5107,relays,1
5108,occasion,1
5109,raises,1
5110,analyzes,1
5111,compared,1
5112,cooperative,1
5113,nprjobsdesired,1
5114,journalismseoa,1
5115,apple,1
5116,brandappropriate,1
5117,checks,1
5118,advocate,1
5119,sends,1
5120,teasers,1
5121,photographic,1
5122,chooses,1
5123,displayed,1
5124,vary,1
5125,newswriting,1
5126,severance,1
5127,bargaining,1
5128,conform,1
5129,selfstarting,1
5130,nprjobscompany,1
5131,visited,1
5132,texas,1
5133,surrounding,1
5134,aggregating,1
5135,wellversed,1
5136,facedpaced,1
5137,clipping,1
5138,distributing,1
5139,educationexperience,1
5140,newssports,1
5141,preferreddesired,1
5142,html5seowordpressthe,1
5143,websavvy,1
5144,ought,1
5145,pretty,1
5146,outpaces,1
5147,clever,1
5148,pull,1
5149,topquality,1
5150,la,1
5151,widest,1
5152,sharpening,1
5153,feedshome,1
5154,immersive,1
5155,surfaced,1
5156,feed,1
5157,alexa,1
5158,overnight,1
5159,requisite,1
5160,responsibly,1
5161,compete,1
5162,saturated,1
5163,usually,1
5164,arent,1
5165,soft,1
5166,yourself,1
5167,bullies,1
5168,200,1
5169,won,1
5170,grew,1
5171,belief,1
5172,heard,1
5173,ups,1
5174,invent,1
5175,debate,1
5176,headline,1
5177,caption,1
5178,taxonomy,1
5179,spotting,1
5180,copyright,1
5181,terms,1
5182,smartphones,1
5183,eleven,1
5184,counties,1
5185,breeze,1
5186,beach,1
5187,presstelegram,1
5188,gabriel,1
5189,tribune,1
5190,pasadena,1
5191,starnews,1
5192,whittier,1
5193,inland,1
5194,bulletin,1
5195,sun,1
5196,redlands,1
5197,bernardino,1
5198,pressenterprise,1
5199,riverside,1
5200,weeklies,1
5201,scngs,1
5202,81,1
5203,indispensable,1
5204,channel,1
5205,openings,1
5206,complies,1
5207,legislation,1
5208,concerning,1
5209,kept,1
5210,confidential,1
5211,visiting,1
5212,wwwsocalnewsgroupcomjob,1
5213,wzzm,1
5214,abc,1
5215,grand,1
5216,rapids,1
5217,audiencesplatforms,1
5218,charting,1
5219,threescreen,1
5220,synergy,1
5221,entire,1
5222,skillfully,1
5223,newsgathering,1
5224,behavioral,1
5225,calmly,1
5226,linb1,1
5227,subjectmatter,1
5228,structured,1
5229,ml,1
5230,clustering,1
5231,etc…,1
5232,intuitive,1
5233,functional,1
5234,scripting,1
5235,object,1
5236,vague,1
5237,crystallizing,1
5238,tx,1
5239,svl,1
5240,nosql,1
5241,postgres,1
5242,db2,1
5243,cassandra,1
5244,neo4j,1
5245,avro,1
5246,parquet,1
5247,mr,1
5248,beam,1
5249,etl,1
5250,orchestration,1
5251,containerization,1
5252,instrument,1
5253,ansible,1
5254,statuscontractthe,1
5255,requiredparttimedesired,1
5256,editingdesign,1
5257,experiencegraphic,1
5258,designentercom,1
5259,opening,1
5260,quickthinking,1
5261,multitasker,1
5262,kdkaradiocom,1
5263,937thefancom,1
5264,starpittsburghcom,1
5265,y108com,1
5266,directed,1
5267,selfeditproofread,1
5268,punctuation,1
5269,feet,1
5270,remaining,1
5271,fans,1
5272,popculture,1
5273,experiencemanagement,1
5274,experiencecopy,1
5275,editingjob,1
5276,springfield,1
5277,broadcaster,1
5278,producersreporters,1
5279,navigating,1
5280,catapult,1
5281,mobilefirst,1
5282,socialfriendly,1
5283,directions,1
5284,smooth,1
5285,steer,1
5286,pressurepacked,1
5287,introduce,1
5288,utilized,1
5289,shortterm,1
5290,mena,1
5291,libel,1
5292,dissemination,1
5293,rephrasing,1
5294,subbing,1
5295,diversitydesired,1
5296,analyticshtml5microsoft,1
5297,powerpointpythoncssuniversal,1
5298,specialistsinsight,1
5299,santa,1
5300,monica,1
5301,prescriptive,1
5302,pleasing,1
5303,statisticians,1
5304,easy,1
5305,propositions,1
5306,steps,1
5307,illustrating,1
5308,coherently,1
5309,profound,1
5310,confident,1
5311,growthoriented,1
5312,userbase,1
5313,aware,1
5314,updates,1
5315,hopefully,1
5316,vigor,1
5317,skillsabilities,1
5318,keynote,1
5319,bi,1
5320,microstrategy,1
5321,domo,1
5322,straightforward,1
5323,copywriter,1
5324,journalisttype,1
5325,datacentric,1
5326,breaker,1
5327,html5css,1
5328,d3js,1
5329,bsba,1
