keyword,frequency
news,1366
work,741
media,716
experience,681
stories,663
content,655
skills,510
digital,503
ability,468
social,456
platforms,414
including,381
journalism,370
information,351
team,326
video,299
editing,294
company,284
story,282
strong,278
writing,264
new,254
status,243
position,242
journalist,238
required,236
local,231
job,231
television,219
live,218
years,213
national,212
editorial,209
data,207
write,206
knowledge,201
reporting,193
develop,192
events,191
responsibilities,190
daily,185
opportunity,179
editor,175
ideas,167
edit,164
online,163
employer,162
reports,161
requirements,159
production,158
looking,157
degree,155
related,155
newsroom,154
creative,152
group,152
station,152
equal,151
journalists,150
working,149
business,149
marketing,148
breaking,147
coverage,146
research,145
reporter,141
candidates,141
use,141
duties,140
help,139
candidate,138
community,138
excellent,136
broadcast,136
people,135
markets,135
disability,134
environment,133
make,133
audience,130
innovative,128
multimedia,128
nexstar,128
communications,127
color,126
field,125
projects,125
industry,125
stations,125
under,124
gender,123
deadlines,122
multiple,121
produce,121
age,119
public,119
relevant,117
sources,115
communication,115
assigned,115
reporters,114
management,114
top,113
employment,113
religion,110
veteran,110
times,110
editors,109
origin,108
time,105
equipment,105
race,104
professional,104
qualified,103
tv,103
minimum,102
provide,102
qualifications,102
essential,101
tools,101
world,101
investigative,100
quality,99
engaging,98
understanding,98
apply,97
diverse,97
responsible,96
network,96
storytelling,95
million,95
web,95
identity,94
orientation,94
role,93
sexual,92
meet,92
global,92
should,91
interest,91
cover,91
largest,91
record,91
create,91
sports,91
basis,90
delivers,90
include,89
sex,89
committed,88
shoot,87
demonstrated,87
organization,86
education,86
staff,86
marital,84
day,84
protected,84
variety,83
consumers,83
graphics,83
applicants,82
application,82
journalistic,81
deadline,80
best,80
interviews,80
households,80
successful,78
want,78
solutions,78
great,77
technology,77
plus,77
various,77
special,77
unique,77
producers,77
style,76
using,76
issues,75
market,75
compelling,74
into,74
copy,74
conditions,74
reach,74
standards,74
manner,74
readers,74
enterprise,73
join,73
employees,73
background,72
written,72
learn,71
tell,71
report,70
website,70
development,70
equivalent,70
perform,70
personal,70
journal,70
brand,69
seeking,69
most,69
growing,69
decisions,69
judgment,68
college,68
support,68
bachelor,68
visual,68
photography,68
handle,68
scripps,68
description,67
producing,67
individuals,67
interview,67
articles,66
impact,66
build,66
deliver,66
writes,66
edits,66
accurate,66
pressure,65
radio,65
law,65
english,65
results,65
includes,64
facts,64
developing,64
program,64
genetic,64
broadcasting,64
investigations,63
ideal,63
political,63
communities,63
analysis,63
proven,62
producer,62
health,62
audiences,62
key,62
highly,62
25,62
driving,62
based,61
least,61
current,61
manage,61
weather,61
general,60
lead,60
original,60
serves,60
eeo,60
providing,59
part,59
presence,59
ap,59
print,58
regard,58
desired,58
office,58
publishing,57
assignments,57
around,57
awards,57
financial,57
ensure,56
systems,56
maintain,56
tasks,56
approximately,56
high,55
diversity,55
businesses,55
senior,54
conduct,54
youll,54
materials,54
facebook,54
newscasts,54
own,53
organizational,53
closely,53
needed,53
letter,53
applications,53
products,53
videos,53
overview,53
clear,53
license,53
resume,52
building,52
country,52
willing,52
opportunities,52
major,52
leading,51
fastpaced,51
contacts,51
valid,51
mission,50
experienced,50
physical,50
accuracy,50
internal,50
reaching,50
receive,50
tribune,50
federal,50
operate,50
assignment,49
comfortable,49
drive,49
mobile,49
twitter,49
managing,49
shoots,49
shooting,49
portfolio,49
managers,48
engagement,48
submit,48
encourage,48
hours,48
training,48
exciting,48
50,48
material,47
assist,47
benefits,47
visit,47
person,47
range,47
workforce,47
military,47
competitive,46
director,46
leader,46
flexible,45
following,45
take,45
planning,45
service,45
networks,45
state,44
operation,44
nyse,44
affiliates,44
street,44
weekend,43
desk,43
come,43
serve,43
states,43
situations,43
show,43
generate,43
addition,43
family,43
100,43
produces,43
go,42
deep,42
passion,42
contact,42
set,42
summary,42
proficiency,42
wall,42
techniques,41
plan,41
source,41
consideration,41
process,41
design,41
proud,41
active,41
gathering,41
culture,40
expression,40
know,40
abilities,40
audio,40
right,40
school,40
fulltime,40
ethics,40
quickly,40
consider,40
travel,40
trends,40
newspaper,39
creating,39
integrity,39
understand,39
participate,39
llc,39
life,38
year,38
areas,38
contribute,38
channels,38
career,38
strategy,38
sites,38
washington,38
shift,38
needs,38
appearance,38
nearly,38
collaborate,38
advertising,38
free,38
camera,38
services,38
weekends,38
owned,37
expected,37
find,37
entertainment,37
leadership,37
programs,37
considered,37
international,37
awardwinning,37
activities,37
evaluates,37
post,37
reaches,37
success,37
timely,37
complete,37
computer,37
diversified,37
connect,37
presentation,36
covering,36
level,36
changing,36
effectively,36
manager,36
regardless,36
leads,36
driver,36
lift,36
independent,36
fluency,35
citizenship,35
shape,35
individual,35
accommodation,35
topics,35
weekly,35
someone,35
pregnancy,35
newscast,35
consistent,35
websites,35
commitment,35
operator,35
consistently,35
images,35
united,35
provides,35
nonlinear,35
characteristics,35
storyteller,34
discriminate,34
necessary,34
area,34
writer,34
medical,34
press,34
university,34
future,34
phone,34
familiarity,34
enhance,34
making,34
schedule,34
features,34
sound,34
drug,34
jones,34
viewers,34
reuters,34
would,34
seeks,33
get,33
passionate,33
vision,33
science,33
feature,33
bachelors,33
engage,33
ways,33
emphasis,33
establish,33
does,33
goals,33
grow,33
only,33
parent,33
resource,33
statement,33
ad,33
shots,33
demonstrate,32
technical,32
members,32
email,32
here,32
studio,32
programming,32
track,32
details,32
groups,32
complex,32
affiliation,32
meetings,32
requires,32
35,32
primary,32
communicate,32
identify,32
month,32
policy,32
wwwnexstartv,32
require,32
writers,31
hiring,31
outside,31
reasonable,31
r,31
way,31
beat,31
order,31
language,31
proficient,31
addressing,31
advertisers,31
reviews,31
pounds,31
department,31
driven,31
operations,31
government,31
brands,31
city,30
posting,30
dynamic,30
latest,30
next,30
politics,30
researching,30
coordinate,30
interpersonal,30
growth,30
sense,30
greater,30
air,30
supervision,30
assistance,30
laws,30
grammar,30
format,30
conducts,30
impactful,30
internship,30
thing,30
preference,30
disabilities,30
wide,29
collaborative,29
expertise,29
relationships,29
excel,29
insurance,29
subject,29
analytics,29
week,29
scripts,29
leaders,29
instagram,29
tight,29
focus,29
pieces,29
performance,29
tells,29
empowering,29
adobe,29
aspects,29
electronic,29
properties,29
locations,29
practices,29
possess,29
companies,29
anchor,28
george,28
alfred,28
dupont,28
edward,28
murrow,28
control,28
solid,28
demands,28
publication,28
appropriate,28
careers,28
applicable,28
priorities,28
basic,28
superior,28
colleagues,28
functions,28
levels,28
positive,28
system,28
unparalleled,28
onestop,28
shop,28
vocational,28
drivers,28
conversations,28
lighting,28
big,28
gather,28
command,28
important,28
arts,28
dow,28
send,27
previous,27
real,27
skilled,27
number,27
region,27
member,27
effective,27
strategies,27
american,27
site,27
magazine,27
affairs,27
tgna,27
owner,27
onethird,27
nationwide,27
adults,27
honored,27
polk,27
emmy,27
ott,27
premion,27
centralized,27
hatch,27
wwwtegnacom,27
enrollment,27
event,27
tips,27
oral,27
prioritize,27
prior,27
days,27
formats,27
perspectives,26
associated,26
selfstarter,26
works,26
employee,26
throughout,26
meets,26
executive,26
delivering,26
discussions,26
youre,26
meaningful,26
specific,26
location,26
gathers,26
coworkers,26
equity,26
subjects,26
veterans,26
limited,26
creed,26
completing,26
technologies,25
salary,25
simultaneously,25
google,25
home,25
keep,25
like,25
maintaining,25
talented,25
teams,25
bring,25
morning,25
reference,25
presents,25
letters,25
large,25
execute,25
pictures,25
talent,25
energy,25
holidays,25
approach,24
check,24
notes,24
strongly,24
significant,24
organizations,24
verbal,24
during,24
regular,24
product,24
photo,24
intern,24
smart,24
169,24
389,24
minoritieswomenveteransdisabled,24
errors,24
organizes,24
positions,24
dc,24
along,24
text,24
benefit,24
argus,24
change,23
posts,23
independently,23
sit,23
examples,23
developments,23
opening,23
interested,23
detail,23
share,23
critical,23
final,23
break,23
flexibility,23
occasionally,23
relations,23
appearances,23
present,23
enterprising,23
photos,23
anchoring,22
ethical,22
learning,22
line,22
regional,22
love,22
books,22
publications,22
offer,22
additional,22
ensures,22
exceptional,22
legal,22
traffic,22
available,22
prescribed,22
fit,22
combination,22
feel,22
search,22
directly,22
captivating,22
forms,22
paid,22
los,21
core,21
dont,21
partnerships,21
calls,21
shows,21
published,21
direction,21
excellence,21
attention,21
extremely,21
external,21
america,21
creation,21
inclusive,21
records,21
guidelines,21
obtain,21
performs,21
types,21
initiative,21
due,21
player,21
exclusive,20
markup,20
promote,20
pay,20
dental,20
constant,20
questions,20
distribution,20
guests,20
short,20
assistant,20
voice,20
platform,20
cultivate,20
start,20
analyzing,20
affiliate,20
mail,20
researches,20
artistic,20
checks,20
files,20
outdoors,20
strategic,20
increase,20
enps,20
opinion,20
ongoing,20
thomson,20
multitask,20
cox,20
angeles,19
security,19
package,19
newsletters,19
review,19
mpr,19
parttime,19
ensuring,19
freelance,19
different,19
between,19
monthly,19
highest,19
interacts,19
initiatives,19
inform,19
collaborating,19
47,19
39,19
receives,19
approval,19
telephone,19
facetoface,19
controlled,19
conducted,19
newsworthy,19
extensive,19
legally,19
inclusion,19
shareable,19
vehicle,19
personnel,19
students,19
spectrum,19
holds,19
varied,19
category,19
2019,18
before,18
fast,18
motivated,18
elements,18
microsoft,18
innovation,18
fellowship,18
professionals,18
software,18
skill,18
seo,18
creativity,18
comprehensive,18
workplace,18
photographer,18
voices,18
applicant,18
give,18
memorable,18
art,18
punctuation,18
determines,18
lib,18
machines,18
memos,18
indoors,18
environmentally,18
weighing,18
objects,18
movements,18
bright,18
inadequate,18
date,18
pro,18
metrics,18
viewer,18
photojournalism,18
commercial,18
cut,18
cameras,18
founded,18
packages,18
401k,18
experiences,18
authorization,18
preparing,18
true,18
sector,18
talentresourceteamdowjonescom,18
nws,18
resources,17
energetic,17
findings,17
several,17
headlines,17
30,17
value,17
broadcasts,17
remote,17
characteristic,17
manages,17
emerging,17
babs,17
carry,17
offers,17
action,17
operates,17
blog,17
believe,17
just,17
fellows,17
san,17
analyzes,17
pitches,17
viewersusers,17
computers,17
controls,17
repetitive,17
currently,17
advanced,17
agency,17
lives,17
spanish,17
maintains,17
attend,17
familiar,17
organized,17
32,17
estate,17
achieving,17
runs,17
clients,17
willingness,16
place,16
dedicated,16
collection,16
interesting,16
juggle,16
list,16
long,16
studios,16
interns,16
accordingly,16
collaboratively,16
collaboration,16
customer,16
keen,16
women,16
sets,16
plans,16
makes,16
meeting,16
factchecking,16
longform,16
pages,16
calendar,16
highquality,16
efforts,16
customers,16
formatting,16
taken,16
pertinent,16
length,16
attendance,16
emedia,16
telephones,16
copiers,16
scanners,16
fax,16
indepth,16
used,16
focused,16
suite,16
listening,16
calmly,16
similar,16
owns,16
lifestyle,16
alienage,16
affectional,16
trait,16
predisposition,16
carrier,16
ew,16
wsj,16
together,15
there,15
clean,15
fair,15
established,15
15,15
evaluate,15
values,15
close,15
engaged,15
samples,15
evening,15
page,15
improve,15
full,15
outstanding,15
assists,15
small,15
clips,15
cai,15
oversee,15
readership,15
better,15
internet,15
fellow,15
authentic,15
difference,15
corrects,15
open,15
supervisor,15
comfort,15
immediate,15
series,15
credibility,15
streaming,15
speaking,15
contentdriven,15
axis,15
stakeholders,15
videography,15
division,15
conferences,15
become,15
fastgrowing,15
reflects,15
ranks,15
nbc,15
costar,15
npr,15
county,14
publish,14
rigorous,14
form,14
direct,14
telling,14
might,14
responsibility,14
prepare,14
helping,14
represent,14
multiplatform,14
links,14
title,14
pm,14
engages,14
releases,14
north,14
think,14
guide,14
project,14
respond,14
insights,14
concise,14
quick,14
premiere,14
resumes,14
early,14
isolate,14
knows,14
documents,14
clearly,14
takes,14
finance,14
regarding,14
pitch,14
conducting,14
hound,14
edius,14
photographers,14
corporate,14
put,14
means,14
depending,14
seek,14
nations,14
internships,14
anchors,14
problems,14
coordinating,14
desire,14
attitude,14
greatly,14
nonconforming,14
commentary,14
consumer,14
haymarket,14
ca,13
provider,13
stay,13
scientific,13
tactics,13
judgement,13
see,13
thrive,13
longterm,13
november,13
adapt,13
podcast,13
creates,13
after,13
according,13
experts,13
eye,13
compliance,13
graphic,13
ready,13
60,13
partner,13
20,13
promotion,13
words,13
presenting,13
feeds,13
describing,13
arranges,13
discusses,13
revises,13
workrelated,13
either,13
class,13
accuweather,13
feedback,13
attaching,13
webcam,13
bilingual,13
meredith,13
segments,13
light,13
accounts,13
trusted,13
evolving,13
intelligence,13
given,13
follow,13
evenings,13
operated,13
nights,13
additionally,13
food,13
spelling,13
photoshop,13
center,13
upon,13
abc,12
bureau,12
investigate,12
jobs,12
account,12
ancestry,12
spot,12
expert,12
monitoring,12
ambitious,12
deadlinedriven,12
interact,12
occasional,12
thinking,12
industries,12
visitors,12
designers,12
accurately,12
setting,12
front,12
eligibility,12
sure,12
serving,12
membership,12
supporting,12
departments,12
contributing,12
determine,12
broad,12
sharing,12
concept,12
near,12
compensation,12
presentations,12
newsgathering,12
specialized,12
combine,12
ahead,12
operating,12
located,12
now,12
natural,12
worlds,12
gain,12
power,12
ratings,12
shifts,12
comprised,12
whose,12
guild,12
nc,12
expanding,12
held,12
investigation,12
south,12
commodity,12
assisting,12
circa,12
half,11
healthcare,11
goal,11
backgrounds,11
explain,11
type,11
practice,11
enjoy,11
html,11
newspapers,11
screen,11
primarily,11
room,11
craft,11
recent,11
ideally,11
completion,11
once,11
generating,11
fully,11
coordinates,11
matters,11
interviewing,11
proofreading,11
upload,11
va,11
requests,11
foundation,11
coordination,11
objectives,11
daytoday,11
narratives,11
end,11
challenges,11
dig,11
late,11
winning,11
storytellers,11
knowledgeable,11
advance,11
reader,11
chance,11
criminal,11
off,11
analyze,11
implement,11
aggressive,11
outlets,11
collaborates,11
schedules,11
transmit,11
insight,11
observation,11
taped,11
informative,11
shot,11
agencies,11
defense,11
especially,11
countries,11
fact,11
still,11
link,11
libel,11
unrestricted,11
authorized,11
varying,11
campus,11
recruitment,11
changes,11
capture,11
bee,11
amazing,11
educational,11
analytical,11
coach,11
socialmedia,11
music,11
handling,10
powerful,10
mental,10
topic,10
illustrate,10
narrative,10
collect,10
accordance,10
retirement,10
recognition,10
understands,10
pitching,10
clarity,10
longtime,10
faculty,10
preeminent,10
actively,10
preferably,10
push,10
executing,10
affect,10
multiskilled,10
select,10
insightful,10
develops,10
freelancers,10
standard,10
contributors,10
promotional,10
curiosity,10
constantly,10
define,10
mentor,10
read,10
point,10
informed,10
regularly,10
multi,10
progress,10
outlining,10
code,10
care,10
matter,10
achieve,10
fashion,10
beyond,10
globally,10
packaged,10
facility,10
fox,10
generation,10
graduates,10
behalf,10
recruiting,10
applying,10
proof,10
46,10
factual,10
1159,10
info,10
delivery,10
investments,10
31,10
interests,10
identifying,10
•,10
appears,10
decades,10
workflow,10
processes,10
brainstorm,10
12,10
corp,10
nasdaq,10
afms,10
cruise,10
nonprofit,9
effects,9
affecting,9
holding,9
inventive,9
heart,9
alongside,9
extra,9
requirement,9
deputy,9
assigning,9
sections,9
capital,9
note,9
references,9
summer,9
enthusiasm,9
associate,9
taking,9
context,9
simple,9
hbs,9
translate,9
lake,9
apps,9
encouraged,9
shares,9
view,9
supervisory,9
desirable,9
always,9
weve,9
unit,9
reviewing,9
podcasts,9
deeply,9
publisher,9
tone,9
communicator,9
newsy,9
relate,9
periods,9
cbs,9
cities,9
things,9
uses,9
effort,9
statistics,9
histories,9
economics,9
visually,9
reading,9
eligible,9
awareness,9
board,9
access,9
users,9
drugfree,9
clearance,9
nature,9
places,9
literacy,9
oncamera,9
chicago,9
capturing,9
reliable,9
size,9
billion,9
update,9
selfmotivated,9
challenge,9
outlet,9
submissions,9
cnn,9
rapidly,9
gives,9
inside,9
paper,9
24hour,9
nbcuniversal,9
back,9
trco,9
broadcastings,9
42,9
wgn,9
approaching,9
80,9
commanding,9
chicagos,9
wgnam,9
multicast,9
antenna,9
careerbuilder,9
httpwwwtribunemediacom,9
explore,9
act,9
potential,9
sharp,9
experiencecertifications,9
execution,9
institutions,9
guidance,9
13,9
fishing,9
sp,9
monitor,9
down,9
sun,9
move,9
prices,9
price,9
lija1wsj,9
eeoaamfdisabledvets,9
newswsj,9
heritage,9
36,9
pulitzer,9
prizes,9
nwsa,9
asx,9
nwslv,9
hold,9
ajc,9
human,8
fillin,8
accountability,8
begin,8
wont,8
aim,8
mix,8
because,8
even,8
cultivating,8
contributions,8
updates,8
graduate,8
received,8
recently,8
foster,8
everything,8
succeed,8
fresh,8
balance,8
thought,8
sophisticated,8
broader,8
cool,8
play,8
crafting,8
reflect,8
breaks,8
angles,8
communicating,8
accountable,8
nation,8
desktop,8
strict,8
roles,8
everyone,8
tracking,8
last,8
going,8
hear,8
testing,8
ask,8
reported,8
single,8
game,8
hyperlocal,8
styles,8
respected,8
representatives,8
francisco,8
hard,8
today,8
idea,8
history,8
rely,8
problem,8
pursue,8
anticipate,8
expand,8
severe,8
outreach,8
target,8
trade,8
advocacy,8
higher,8
ii,8
finish,8
impacting,8
diploma,8
speak,8
weeks,8
banks,8
facilitate,8
40,8
safety,8
urgency,8
visuals,8
respect,8
38,8
expect,8
result,8
nondiscrimination,8
extraordinary,8
edition,8
purposes,8
budding,8
navigate,8
herald,8
extreme,8
ssp,8
33,8
owners,8
midroll,8
steward,8
1878,8
motto,8
developed,8
wellness,8
talk,8
win,8
known,8
executives,8
unless,8
speed,8
period,8
intended,8
supervising,8
adhering,8
engineer,8
classical,8
logitech,8
httpsthemarkuporg,7
raise,7
impacts,7
behavior,7
hypotheses,7
often,7
conceive,7
partners,7
protect,7
robust,7
premier,7
firm,7
entrepreneurial,7
spirit,7
profile,7
percent,7
worth,7
add,7
asked,7
factcheck,7
hosts,7
atmosphere,7
contributes,7
strategically,7
union,7
campaigns,7
academic,7
expectations,7
minimal,7
topnotch,7
wordpress,7
particular,7
log,7
generates,7
met,7
oncall,7
apha,7
app,7
detailed,7
titles,7
superb,7
partnership,7
boston,7
boundaries,7
globe,7
safe,7
visibility,7
increases,7
highimpact,7
textio,7
word,7
truly,7
showing,7
171,7
387,7
orlando,7
numbers,7
complicated,7
offices,7
running,7
run,7
enough,7
consulting,7
expenses,7
documentation,7
reputation,7
annual,7
function,7
directors,7
thoughtful,7
thinker,7
appear,7
economic,7
brings,7
embrace,7
usa,7
traditional,7
mass,7
corporation,7
weight,7
actions,7
measurable,7
narration,7
relating,7
governing,7
figures,7
recording,7
archive,7
vehicles,7
credit,7
shared,7
scheduling,7
toward,7
selected,7
proper,7
distinctive,7
interactive,7
savvy,7
digitalfirst,7
utilizing,7
base,7
officials,7
night,7
humor,7
lines,7
pressures,7
reel,7
eoe,7
side,7
dissemination,7
univision,7
performing,7
tenants,7
mornings,7
players,7
remain,7
representing,7
organize,7
loss,7
car,7
then,7
nbcu,7
sierra,7
utilize,7
postgraduates,7
yearlong,7
19,7
httpswwwnytimescominteractive2018jobstimesfellowshiphtml,7
database,7
verifies,7
cooperatively,7
lbs,7
grit,7
newsrooms,7
accommodations,7
ranging,7
regulatory,7
sectors,7
desks,7
file,7
mlf,7
budget,7
possible,7
fairness,7
against,7
nytimes,7
shaping,7
views,7
pricing,7
investment,7
seasoned,7
junior,7
overseeing,7
insider,7
kpbs,7
abc7,6
illuminate,6
housing,6
cost,6
crowdsourcing,6
test,6
domain,6
worked,6
spent,6
salaries,6
statewide,6
call,6
west,6
mindset,6
ownership,6
methods,6
above,6
bureaus,6
award,6
sciences,6
biggest,6
booking,6
book,6
screening,6
conversation,6
teamwork,6
dalet,6
disseminate,6
worldwide,6
upcoming,6
terms,6
adhere,6
packaging,6
updating,6
host,6
topical,6
particularly,6
asuccessfulu,6
affirmative,6
regulations,6
bases,6
beats,6
prepares,6
layout,6
emails,6
messaging,6
influential,6
workflows,6
discretion,6
fascinating,6
realize,6
talking,6
influence,6
scientists,6
eager,6
sometimes,6
represents,6
posted,6
notice,6
understandable,6
extended,6
self,6
simply,6
entrylevel,6
ny,6
becoming,6
bay,6
sentinel,6
editions,6
connecting,6
mother,6
urgent,6
corruption,6
otherwise,6
filled,6
assessments,6
statistical,6
request,6
generous,6
supports,6
ambassador,6
points,6
oversees,6
talents,6
peers,6
proactively,6
proactive,6
positively,6
ethic,6
measured,6
drives,6
cycle,6
user,6
realtime,6
categories,6
tenets,6
searching,6
principles,6
photographs,6
cultivates,6
lmg,6
satellite,6
proximity,6
24,6
path,6
truck,6
challenging,6
count,6
citizen,6
found,6
metro,6
cw,6
75,6
channel,6
optimize,6
very,6
anchorreporter,6
procedures,6
timelines,6
standing,6
capability,6
iowa,6
rapid,6
texas,6
competency,6
leverage,6
themselves,6
solving,6
elections,6
est,6
attract,6
completed,6
covered,6
pride,6
slideshows,6
kuec,6
kansas,6
concepts,6
made,6
updated,6
priority,6
responds,6
balanced,6
participation,6
houston,6
youtube,6
spend,6
denver,6
enterprises,6
infographics,6
bloggers,6
millions,6
offplatform,6
spoken,6
experiment,6
forward,6
milwaukee,6
bass,6
cms,6
wants,6
arlington,6
datadriven,6
rewards,6
discrimination,6
condition,6
adlib,6
scene,6
offerings,6
crain,6
existing,6
meteorology,6
fortune,6
motion,6
advantage,6
preemployment,6
rising,6
afled,6
capitol,6
designated,6
stewardship,6
assign,6
1064,6
participates,6
accessible,6
private,6
campaign,6
icis,6
bestinclass,6
rewarding,6
appreciation,6
wfmtcom,6
scale,6
head,6
altice,6
maine,6
roundtable,6
bank,6
ua,6
wealthfront,6
springer,6
500,5
orientationgender,5
welcome,5
societal,5
oversight,5
reforms,5
readercentered,5
courageous,5
tolerate,5
method,5
assemble,5
editorinchief,5
sport,5
parts,5
authentication,5
dataset,5
led,5
literate,5
startup,5
undergraduate,5
ai,5
visualization,5
recognized,5
listeners,5
11,5
dive,5
bookings,5
listener,5
rewrite,5
draw,5
affinity,5
widely,5
react,5
breadth,5
stand,5
hands,5
since,5
practitioners,5
newsletter,5
flow,5
videographers,5
linkedin,5
align,5
creatively,5
selection,5
included,5
relationship,5
rights,5
differences,5
environments,5
capable,5
sr,5
handson,5
impeccable,5
comfortably,5
longer,5
connections,5
friendly,5
broadly,5
contingent,5
inspire,5
establishing,5
helps,5
webbased,5
blogs,5
name,5
contributor,5
integrated,5
common,5
fill,5
submitted,5
produced,5
curious,5
missiondriven,5
respectful,5
fundraising,5
ma,5
knowing,5
rich,5
turn,5
maximize,5
spread,5
too,5
demanding,5
mind,5
stream,5
disneyabc,5
experimenting,5
efficient,5
licensecompany,5
databases,5
intelligent,5
same,5
perfect,5
until,5
ordinance,5
scheduled,5
deal,5
useful,5
markups,5
main,5
cleaning,5
having,5
few,5
definite,5
limits,5
asking,5
implementation,5
clinical,5
inhouse,5
problemsolving,5
designer,5
charge,5
approximate,5
authority,5
vertical,5
save,5
getting,5
placed,5
perspective,5
ideation,5
landscape,5
subscription,5
engine,5
keyword,5
messages,5
demographics,5
retain,5
involving,5
continually,5
advocate,5
profitable,5
further,5
accredited,5
developers,5
recognize,5
accountabilities,5
iii,5
discuss,5
trucks,5
informational,5
audition,5
normal,5
dedication,5
environmental,5
suggest,5
photojournalist,5
dependable,5
towards,5
foreign,5
middle,5
inspired,5
innovations,5
happen,5
itself,5
modern,5
thinkers,5
yourself,5
domestic,5
employers,5
teases,5
delivered,5
accepted,5
exercise,5
contract,5
incorporate,5
ms,5
alaska,5
247,5
tech,5
vacation,5
demonstrates,5
adherence,5
eagerness,5
beach,5
residence,5
disasters,5
rotation,5
oct,5
unbiased,5
offering,5
analysts,5
visualizations,5
grounded,5
18,5
decision,5
club,5
attach,5
efficiently,5
tape,5
utilizes,5
p2,5
regulation,5
joint,5
asset,5
charlotte,5
properly,5
instudio,5
competitors,5
reportermmj,5
slant,5
nextgeneration,5
bounce,5
escape,5
laff,5
pickler,5
ben,5
solve,5
headline,5
sacramento,5
collaborator,5
newsmakers,5
groundbreaking,5
deeper,5
never,5
cooking,5
newsperson,5
resonate,5
comes,5
structure,5
oriented,5
administrative,5
stages,5
acquisition,5
term,5
whats,5
happening,5
sounds,5
league,5
young,5
muscatine,5
named,5
lee,5
dynamics,5
conference,5
civil,5
unions,5
34,5
violation,5
furthermore,5
undue,5
hardship,5
enhancing,5
explaining,5
duty,5
ugc,5
mcclatchy,5
alerts,5
benchmarks,5
meteorologist,5
investing,5
equally,5
adept,5
newseditorial,5
asia,5
london,5
evaluating,5
maintenance,5
client,5
native,5
follows,5
transportation,5
verify,5
checking,5
everyday,5
giving,5
250,5
articulate,5
probationary,5
rating,5
eligibles,5
stress,5
leveraged,5
placement,5
followup,5
5news,5
jewish,5
femaleminorityveterandisabilitysexual,4
kabctv,4
orange,4
nonpartisan,4
vote,4
kids,4
raising,4
spurring,4
teambased,4
jerks,4
spreadsheets,4
guided,4
automated,4
theories,4
article,4
explanatory,4
custodian,4
twofactor,4
password,4
encryption,4
relocation,4
pet,4
begins,4
arkansas,4
curating,4
grasp,4
district,4
virginia,4
reed,4
innovator,4
beginning,4
spring,4
highprofile,4
master,4
teaching,4
studies,4
october,4
numerous,4
kerri,4
weekday,4
covers,4
guest,4
locate,4
hire,4
healthier,4
minnesota,4
angela,4
youve,4
got,4
mainstream,4
publishes,4
leveraging,4
approaches,4
supervises,4
image,4
unable,4
dealing,4
loves,4
directions,4
experimentation,4
distribute,4
surprising,4
resourceful,4
agenda,4
weekdays,4
imaginative,4
commensurate,4
explainers,4
try,4
institution,4
income,4
cpr,4
focusing,4
competencies,4
coordinator,4
falls,4
volunteer,4
informs,4
magazines,4
promotes,4
house,4
combined,4
innovators,4
charts,4
kind,4
longerterm,4
supervise,4
output,4
pr,4
vast,4
discover,4
told,4
wed,4
philosophy,4
northwest,4
steady,4
entertain,4
interactives,4
determined,4
allow,4
sessions,4
acquired,4
pursuing,4
collecting,4
populations,4
living,4
keyboard,4
fastest,4
importantly,4
influencer,4
selfsufficient,4
corps,4
neighborhoods,4
setup,4
onecut,4
rootout,4
polished,4
versatile,4
nimble,4
else,4
comparable,4
healthy,4
résumé,4
personalized,4
id,4
nose,4
associates,4
speech,4
95000,4
society,4
foia,4
finding,4
isnt,4
researchers,4
precise,4
cell,4
papers,4
filing,4
below,4
joined,4
cv,4
relocate,4
cant,4
already,4
hospice,4
targeted,4
intranet,4
valuable,4
interface,4
successfully,4
conflict,4
minute,4
acquiring,4
larger,4
criteria,4
incredible,4
sales,4
space,4
sensitive,4
frederick,4
summaries,4
indoor,4
passes,4
concerning,4
locale,4
bodies,4
microwave,4
document,4
force,4
forces,4
civilian,4
evaluation,4
followed,4
engineering,4
lhi,4
unitedhealth,4
outlook,4
beautiful,4
pass,4
emotion,4
nppa,4
spending,4
volume,4
invaluable,4
desktops,4
reuterscom,4
east,4
continents,4
flexibly,4
catalyst,4
sexgender,4
classification,4
opportunityaffirmative,4
intrigued,4
thomsonreuterscomcareers,4
thomsonreuterscom,4
corner,4
families,4
valley,4
step,4
sheets,4
recommendations,4
captions,4
regions,4
created,4
historic,4
overnights,4
improvement,4
devices,4
technically,4
footage,4
directed,4
hearing,4
depth,4
overtime,4
requested,4
wherever,4
interpret,4
requiredmust,4
webpage,4
httpcorporateunivisioncomcorporatecareers,4
27,4
workday,4
fiercely,4
calm,4
demonstrating,4
entail,4
distances,4
12week,4
uptodate,4
juniors,4
seniors,4
december,4
recruit,4
describe,4
qualities,4
involved,4
example,4
fluent,4
cable,4
uniquely,4
personality,4
relationshipssources,4
vo,4
promotable,4
showcase,4
crowdtangle,4
continuing,4
click,4
partnering,4
incumbent,4
phones,4
concerns,4
attends,4
sponsored,4
avid,4
snacks,4
bas,4
cn,4
internationally,4
b2b,4
plenty,4
fostering,4
policies,4
eng,4
look,4
fun,4
standups,4
abc10,4
increasingly,4
decisionmaking,4
really,4
photojournalists,4
editorials,4
sharply,4
urgently,4
match,4
reimbursement,4
talks,4
tbmb,4
kmov,4
kharon,4
headquarters,4
distributing,4
resonates,4
evolve,4
expanded,4
response,4
alone,4
operational,4
detailoriented,4
snapchat,4
specifically,4
element,4
timemanagement,4
medium,4
mcw,4
student,4
pool,4
david,4
proprietary,4
mentoring,4
highlyrewarding,4
casual,4
merit,4
equality,4
raceethnicity,4
unemployment,4
prohibited,4
bearing,4
eeocompliancespglobalcom,4
forwarded,4
describes,4
protections,4
insurability,4
eight,4
digging,4
central,4
enthusiastic,4
thats,4
combining,4
privately,4
importance,4
productions,4
x,4
lower,4
refine,4
elevate,4
appearing,4
theyre,4
collegial,4
contracts,4
northeast,4
coaching,4
say,4
difficult,4
demonstration,4
merediths,4
investors,4
illustrator,4
heshe,4
aligns,4
sioux,4
beijing,4
cmg,4
knack,4
keaki,4
implementing,4
afsg,4
congressional,4
mtfs,4
commentaries,4
alakaina,4
focs,4
postproduction,4
intuitive,4
cutter,4
questionnaire,4
rocky,4
attractions,4
buyers,4
americas,4
urban,4
wala,4
collective,4
cases,4
framing,4
rbi,4
banking,4
traders,4
analyst,4
basics,4
wnyc,4
thrives,4
paced,4
crossfunctionally,4
aid,4
poster,4
httpwwwdolgovofccpregscomplianceposterspdfeeopostpdf,4
continuously,4
durham,4
identifies,4
adapting,4
artificial,4
kgw,4
portland,4
wfmt,4
kxan,4
behaviors,4
architecture,4
bangor,4
hypothesis,3
strategize,3
anecdotes,3
quarter,3
databased,3
worry,3
havent,3
exact,3
mile,3
seem,3
obvious,3
diligent,3
protecting,3
maybe,3
150000,3
presented,3
breakingnews,3
thriving,3
downtown,3
curriculum,3
aptitude,3
administration,3
mprnewsorg,3
youd,3
confirm,3
rundown,3
timing,3
briefing,3
reads,3
davis,3
frequent,3
moderate,3
exposure,3
knowledges,3
improving,3
authors,3
interpreting,3
practical,3
followthrough,3
facets,3
sponsorship,3
temporary,3
quantitative,3
evidence,3
salt,3
gets,3
homepage,3
vital,3
earned,3
past,3
entertaining,3
contractor,3
typeexpected,3
mining,3
rest,3
myau,3
portal,3
tile,3
collectively,3
items,3
backup,3
copyediting,3
vendors,3
easily,3
openings,3
pdfs,3
shortform,3
associations,3
church,3
flagship,3
ground,3
manuscripts,3
enewsletter,3
printed,3
promotions,3
collateral,3
proofread,3
consequential,3
pri,3
strive,3
answers,3
chief,3
mastery,3
aggressively,3
moves,3
agreed,3
analyses,3
turnaround,3
edge,3
anything,3
augmented,3
lots,3
allows,3
hundreds,3
tackle,3
mediums,3
conversational,3
cpm,3
hits,3
staffers,3
visiting,3
months,3
115,3
wtsptv,3
cohosting,3
rules,3
wealth,3
fans,3
followers,3
soccer,3
becomes,3
originate,3
highpressure,3
workers,3
attitudes,3
briefs,3
conflicts,3
visualize,3
opinions,3
fastmoving,3
minutes,3
model,3
requisition,3
closing,3
outcomes,3
grammatically,3
resourcefulness,3
stability,3
yearwelcome,3
scraping,3
prose,3
lookout,3
generally,3
languages,3
task,3
python,3
away,3
hisher,3
dri,3
addresses,3
probably,3
lost,3
ohios,3
positioning,3
stakeholder,3
advancing,3
tier,3
tactical,3
magic,3
carrying,3
property,3
purpose,3
goto,3
founder,3
onbrand,3
inperson,3
cycles,3
assets,3
satisfaction,3
extend,3
usage,3
piece,3
acting,3
companys,3
md,3
discovery,3
infectious,3
diseases,3
correct,3
uphold,3
possession,3
plain,3
technicians,3
captures,3
remotes,3
recorded,3
documentaries,3
remains,3
armed,3
liaison,3
credits,3
optumserve,3
americans,3
river,3
supported,3
25000,3
backpack,3
semester,3
weatherrelated,3
bylines,3
correspondent,3
agendasetting,3
picture,3
intellectual,3
bursting,3
positivity,3
phoenix,3
curate,3
accomplishments,3
ba,3
intense,3
correspondence,3
cultural,3
turner,3
cnns,3
hln,3
teleprompter,3
valued,3
subsidiaries,3
conception,3
mistakes,3
critiques,3
radiotelevision,3
prepared,3
deliverables,3
guides,3
sourcing,3
interaction,3
perception,3
sufficient,3
holiday,3
emergencies,3
showcases,3
dispatchargus,3
western,3
quadcity,3
upandcoming,3
thorough,3
ep,3
mutual,3
supervisors,3
skillsability,3
equipmentmust,3
dexterity,3
outdoor,3
verifiedmust,3
charter,3
noon,3
enabling,3
pivot,3
everchanging,3
specials,3
confidence,3
occasion,3
upkeep,3
sufficiently,3
adaptability,3
believes,3
keeper,3
openness,3
sitting,3
24x7,3
365,3
failure,3
failures,3
contracted,3
storms,3
trips,3
1846,3
population,3
sees,3
interacting,3
relevance,3
secondary,3
grammatical,3
venues,3
promising,3
colleges,3
qualificationsrequirements,3
recordmust,3
resumecv,3
alternative,3
involvement,3
subbusinessnbcuots,3
stateprovince,3
countryunited,3
film,3
worldrenowned,3
theme,3
parks,3
notices,3
uniformed,3
vosot,3
repurposed,3
workshops,3
section,3
diego,3
anchormultiskilled,3
however,3
ku,3
edwards,3
prospective,3
friday,3
myndnowcom,3
complements,3
truth,3
tool,3
liveu,3
23,3
rd,3
commodities,3
processing,3
makers,3
networking,3
hungry,3
nzme,3
reward,3
ie,3
heavy,3
playback,3
complies,3
investigating,3
offsite,3
greenville,3
busy,3
buffalo,3
flair,3
enjoys,3
adlibbing,3
storyshow,3
gatheringdisseminating,3
crucial,3
perks,3
annually,3
tuition,3
panel,3
competition,3
ease,3
optimization,3
risk,3
assessing,3
continuous,3
kitchen,3
irvine,3
beauty,3
rapidlygrowing,3
responding,3
return,3
evoke,3
hidden,3
moment,3
demand,3
instincts,3
autonomously,3
helpful,3
election,3
objectivity,3
advancedlevel,3
carolina,3
ktla,3
southern,3
california,3
participating,3
internshipdesired,3
designed,3
lists,3
calendars,3
competitions,3
cup,3
spgmi,3
policymakers,3
featurelength,3
structures,3
thirdparty,3
filings,3
satire,3
cracked,3
overthetop,3
longestrunning,3
uncover,3
crews,3
usergenerated,3
accompany,3
coming,3
mainly,3
nielsen,3
anywhere,3
florida,3
usssa,3
excited,3
eg,3
52,3
measure,3
whatever,3
privacy,3
commodityrelated,3
formula,3
taxation,3
gas,3
petrochemicals,3
fertilizer,3
infrastructure,3
1970,3
ukregistered,3
investor,3
harbor,3
gym,3
employerveteransdisabled,3
14,3
monroe,3
meteorologistmultimedia,3
successes,3
anchormmj,3
likes,3
happy,3
ecosystem,3
versatility,3
empathy,3
licensing,3
evolution,3
entrepreneurs,3
setups,3
professionallevel,3
exceed,3
described,3
sc,3
moving,3
sony,3
absorb,3
wwwnexstartvcareers,3
whyy,3
conceptualizing,3
convey,3
commission,3
subscribers,3
conceiving,3
thoroughly,3
widerange,3
fees,3
unsolicited,3
script,3
trust,3
launch,3
advising,3
audit,3
firms,3
newly,3
directing,3
adheres,3
futures,3
costs,3
enrolled,3
utah,3
representative,3
reacts,3
synergy,3
europe,3
motivate,3
excluded,3
stateoftheart,3
twin,3
nationally,3
guiding,3
solution,3
mergermarket,3
bankers,3
onsite,3
sunday,3
diplomatic,3
performed,3
watchdog,3
convicted,3
involve,3
targeting,3
responses,3
supply,3
trading,3
sellers,3
scoops,3
dozen,3
fastestgrowing,3
nationalfacing,3
sinclair,3
sbg,3
locally,3
measures,3
rapport,3
southwest,3
voa,3
teach,3
suitability,3
determination,3
agreement,3
terminated,3
instructions,3
offered,3
digitally,3
entire,3
assistants,3
principal,3
knowledgeskillsabilities,3
cooperation,3
trainingequipment,3
contains,3
enrich,3
confident,3
smooth,3
hotels,3
economy,3
constructive,3
lively,3
empower,3
crossfunctional,3
lab,3
advancement,3
capacity,3
administer,3
consultation,3
enable,3
destination,3
exclusively,3
peoples,3
hour,3
analyticsbased,3
reason,3
mynbc5com,3
rundowns,3
israel,3
efficiencies,3
revenue,3
sql,3
reporterproducer,3
system1,3
charged,3
splc,3
radical,3
gift,3
donor,3
ks,3
freedom,3
avp,3
biologyrelated,3
editorwest,3
attn,2
dept,2
circle,2
glendale,2
91201,2
foias,2
wires,2
determining,2
onlineonly,2
anchored,2
presidential,2
entrepreneurship,2
courses,2
listed,2
upper,2
midwest,2
95,2
minnesotans,2
kare,2
untold,2
parenting,2
hosted,2
miller,2
preinterview,2
promos,2
rebroadcast,2
sourcesguests,2
greet,2
industryspecific,2
nontraditional,2
putting,2
walk,2
grasping,2
noise,2
1999,2
academics,2
introduced,2
newest,2
attracts,2
worldclass,2
library,2
fulfilling,2
strategist,2
specialists,2
publicizing,2
schools,2
keeps,2
yet,2
exercises,2
assessment,2
hbsjobsharvard,2
visa,2
opportunityexplore,2
httpwwwhbseduemployment,2
grade,2
non,2
exempt,2
creators,2
abstract,2
wbur,2
summaryobjective,2
maryland,2
suit,2
audiencesboth,2
twoways,2
wamuorg,2
35nonexempt,2
coordinatoranalyst,2
3plus,2
inscrutable,2
agility,2
sticky,2
encapsulate,2
theworklineamericanedu,2
spots,2
colorado,2
demonstrable,2
juggling,2
learned,2
ins,2
encourages,2
workload,2
red,2
stylebook,2
ungated,2
association,2
webpages,2
enhances,2
catalog,2
prx,2
ambition,2
bringing,2
promise,2
extends,2
reportspackages,2
longrange,2
cutting,2
adjust,2
seattle,2
thousands,2
decade,2
discipline,2
nerd,2
brandbuilding,2
speaks,2
anyone,2
psychology,2
math,2
innovate,2
trying,2
gem,2
concurrently,2
embraces,2
serious,2
let,2
propel,2
cascade,2
challenged,2
800,2
quickturnaround,2
feeling,2
dates,2
january,2
1159pm,2
11th,2
anchormsj,2
ever,2
again,2
trending,2
pop,2
tampa,2
portuguese,2
latin,2
altos,2
el,2
selfstarters,2
exploring,2
readersupported,2
educating,2
seen,2
stable,2
welcoming,2
activity,2
vice,2
17,2
tellers,2
wwwdisneycareerscom,2
hoopz,2
stamina,2
emotional,2
datasets,2
tests,2
certain,2
pick,2
approachable,2
storage,2
newer,2
stats,2
integration,2
affiliated,2
builds,2
speeches,2
resolution,2
productively,2
translating,2
nyc,2
blogger,2
holdings,2
accuweathers,2
enter,2
geographically,2
significance,2
rolodex,2
purchase,2
season,2
educate,2
scope,2
consistency,2
rankings,2
multichannel,2
aspect,2
draws,2
consume,2
powerpoint,2
atrf,2
dr,2
biomedical,2
cancer,2
aids,2
briefings,2
crisis,2
secure,2
substituted,2
recommend,2
peer,2
constituencies,2
kvvu,2
newscaster,2
compile,2
announcements,2
motivation,2
scenes,2
logistics,2
executes,2
smaller,2
multitalented,2
announcers,2
afrt,2
absence,2
qualification,2
score,2
secret,2
tx,2
storys,2
optum,2
wellbeing,2
joining,2
specializes,2
appointments,2
excitement,2
lifes,2
ged,2
utilization,2
mississippi,2
providers,2
tomorrow,2
kens,2
individually,2
character,2
eyecatching,2
eap,2
gaining,2
angle,2
teamoriented,2
china,2
white,2
pentagon,2
prestigious,2
industryleading,2
rankandfile,2
huge,2
conveying,2
hired,2
immersed,2
legacy,2
sample,2
arizona,2
quo,2
celebrate,2
nas,2
patuxent,2
contribution,2
ceremonies,2
prints,2
navair,2
attending,2
forming,2
bs,2
intensive,2
pc,2
mac,2
sharepoint,2
aviation,2
games,2
born,2
cnni,2
branded,2
liberal,2
2015,2
mothers,2
adult,2
everify,2
differently,2
edited,2
depends,2
originality,2
cloud,2
demo,2
unscripted,2
astute,2
parties,2
potentially,2
stressful,2
nontechnical,2
pushing,2
lifting,2
acuity,2
strength,2
temperatures,2
contacted,2
emergency,2
certifications,2
satisfactory,2
journalismthe,2
illinois,2
sister,2
jumping,2
imagery,2
supportive,2
computerbased,2
outletswork,2
engagementestablish,2
communitypromote,2
manners,2
audienceparticipate,2
versed,2
motivational,2
selfstart,2
videotape,2
txemploymenteducation,2
mn,2
contractdesired,2
licensespectrum,2
engphotojournalist,2
internshipdate,2
distributed,2
artists,2
abide,2
earning,2
freshmen,2
sophomores,2
interactivegraphics,2
attentive,2
submission,2
300word,2
autobiographical,2
essay,2
embodies,2
achievements,2
projected,2
graduation,2
adviser,2
collegeuniversity,2
letterhead,2
uploaded,2
cares,2
anchorvideo,2
vp,2
sweeps,2
storiespresent,2
platformsmake,2
civic,2
wwwnbcunicareerscom,2
memphis,2
tn,2
wreg,2
integrate,2
omniture,2
confidently,2
excels,2
fresno,2
selecting,2
cultivation,2
dispatches,2
circulation,2
loan,2
portion,2
eventsarranges,2
storiesreviews,2
guidelinesreviews,2
detailsdetermines,2
accordinglyresearches,2
informationgathers,2
functionspitches,2
communityreceives,2
ideasdiscusses,2
positionschecks,2
factsrevises,2
requirementsshoots,2
reportsproduces,2
platformsensures,2
qualitywrites,2
integral,2
landing,2
ebooks,2
tagging,2
branding,2
park,2
16,2
830,2
brochures,2
supplement,2
copywriting,2
drupal,2
keywords,2
wzzm,2
grand,2
rapids,2
cohost,2
era,2
entails,2
answering,2
extras,2
dakota,2
licensejob,2
englishspanish,2
older,2
brokers,2
laptops,2
promptly,2
uncovered,2
confectionerynews,2
360degree,2
confectionery,2
spanning,2
ingredients,2
manufacturing,2
retail,2
shopper,2
bakeryandsnacks,2
bakery,2
champion,2
recommending,2
scopes,2
extensions,2
road,2
maps,2
f2f,2
trained,2
vibrant,2
pto,2
calling,2
zealands,2
zealand,2
succession,2
progression,2
programmes,2
floor,2
antonio,2
xd,2
companysponsored,2
manual,2
linear,2
devotion,2
precision,2
verification,2
unfamiliar,2
s,2
terrific,2
rotorua,2
styledrivers,2
kiah,2
statesequal,2
transformation,2
klfy,2
highvalue,2
belief,2
custom,2
remarkable,2
multitasking,2
checked,2
kstp,2
answered,2
segment,2
skillfully,2
situation,2
daybreak,2
bylined,2
precisely,2
represented,2
parental,2
leave,2
8000,2
richness,2
sanctionsrelated,2
aligned,2
parking,2
catered,2
lunches,2
coffee,2
mdx,2
repurposing,2
infographic,2
skincare,2
wellversed,2
carefully,2
moderating,2
starting,2
assess,2
oped,2
former,2
participant,2
turns,2
surveillance,2
sacrificing,2
603109,2
stronger,2
helped,2
recipe,2
crowded,2
stylists,2
moments,2
delight,2
accomplish,2
distinct,2
illuminating,2
digitalsocial,2
swiftly,2
mandatory,2
29,2
units,2
transfer,2
parttimeoverview,2
newschannel,2
hardworking,2
afternoons,2
reels,2
pittsburgh,2
rated,2
stationsponsored,2
hearst,2
stresses,2
timesensitive,2
highlighting,2
popular,2
w,2
studentuniversity,2
harper,2
conservative,2
memoir,2
personalities,2
corresponding,2
agreements,2
answer,2
nonfiction,2
harpercollins,2
publishers,2
clock,2
crime,2
kept,2
confidential,2
tulsa,2
specialist,2
majorleaguefishingcom,2
anglers,2
staying,2
highlevel,2
indeed,2
fulllength,2
express,2
carr,2
honor,2
e,2
rosenbaum,2
nearby,2
face,2
afraid,2
loyal,2
wwwleenet,2
300,2
electricity,2
starter,2
certificate,2
rise,2
somebody,2
grappling,2
45000,2
cold,2
despite,2
components,2
co,2
parttimejob,2
wbir,2
az,2
friends,2
videojournalists,2
intersection,2
shapers,2
consist,2
datacenter,2
built,2
css,2
powered,2
forecasting,2
century,2
uncompromising,2
initiate,2
profit,2
discussed,2
complaint,2
b,2
furnish,2
habits,2
bias,2
codes,2
premierefinal,2
sportscasts,2
baseball,2
attire,2
acceptable,2
broll,2
participants,2
thirds,2
43,2
subaccounts,2
columns,2
metabolism,2
bees,2
whnt,2
doesnt,2
suggesting,2
concert,2
fosters,2
credentials,2
copyright,2
twoparty,2
consent,2
crude,2
refined,2
140,2
index,2
derivative,2
900,2
specialize,2
avoidance,2
shareholders,2
atlantic,2
recognizes,2
highperforming,2
bonus,2
planscompany,2
plangroup,2
match15,2
dayssubsidized,2
membershipextensive,2
louisiana,2
baron,2
radar,2
meteorological,2
chronicle,2
fearless,2
profiles,2
worklet,2
thank,2
watch,2
substantial,2
palm,2
beaches,2
characterdriven,2
selfstarting,2
contentnews,2
amendment,2
broadest,2
frame,2
metadata,2
referral,2
outcomeoriented,2
taskoriented,2
liam01,2
collects,2
fouryear,2
85,2
700,2
stock,2
ledger,2
franchises,2
something,2
executions,2
warrant,2
toptier,2
turning,2
reality,2
highstress,2
quickturn,2
frontline,2
dogged,2
props,2
fs5,2
fs7,2
hk,2
aims,2
illustration,2
served,2
industryfocused,2
marketleading,2
expertly,2
tailored,2
straightforward,2
preferredexcellent,2
practicesability,2
chainbasic,2
substance,2
abuse,2
platformsstrong,2
holidaysother,2
coxreps,2
rep,2
gamut,2
videa,2
ideabar,2
wwwcoxmediagroupcom,2
applicantsemployees,2
ethnicity,2
accepts,2
formally,2
charges,2
unposting,2
buying,2
case,2
stellar,2
bigger,2
verifying,2
boxes,2
provided,2
specialistjournalist,2
surgeon,2
deterrence,2
scorecard,2
suggested,2
76,2
adapted,2
dod,2
factsheets,2
essays,2
resolving,2
bullet,2
official,2
memorandums,2
mtf,2
dhhq,2
citizenshipsecurity,2
investigationbackground,2
industryrecognized,2
hawaiian,2
nhoowned,2
8a,2
certified,2
laulima,2
kūpono,2
kāpili,2
501c3,2
principally,2
youth,2
hawaii,2
charitable,2
pre,2
aj,2
attack,2
orlandosentinelcom,2
limitations,2
john,2
editoraudience,2
jcuttertronccom,2
recreation,2
sporting,2
publishergeneral,2
comprehension,2
monthinternshipthe,2
mountain,2
10week,2
denverpost,2
monica,2
brewer,2
internshipsdenverpostcom,2
fall,2
paths,2
realworld,2
degreeseeking,2
gpa,2
guarantee,2
permanent,2
kstu,2
train,2
receipt,2
kstufox,2
integrates,2
weathernews,2
fitness,2
universitycollege,2
instinct,2
physicians,2
marketers,2
tablet,2
olympics,2
momentum,2
conceptualize,2
called,2
typography,2
ambitions,2
indesign,2
super,2
presenter,2
nonweekend,2
workdays,2
communicates,2
expansive,2
motivating,2
developmental,2
listen,2
67,2
sponsors,2
good4utah,2
computerassisted,2
suburban,2
michigan,2
sits,2
screenings,2
eoemfdv,2
pipeline,2
universities,2
highpotential,2
attributes,2
fox10,2
yearround,2
footprint,2
elected,2
taxpayers,2
refining,2
message,2
workshop,2
rates,2
lng,2
nurturing,2
divisions,2
singapore,2
tokyo,2
relx,2
treated,2
prodrivers,2
liability,2
100000,2
person300000,2
accident50000,2
defined,2
overnight,2
engineered,2
bottom,2
goldman,2
sachs,2
morgan,2
stanley,2
corporations,2
yorknew,2
yorkunited,2
nytlive,2
amplify,2
regionally,2
learner,2
ftp,2
highend,2
safely,2
ksnt,2
contractthe,2
jobrelated,2
fish,2
budgets,2
savage,2
nationallyrecognized,2
surface,2
emanating,2
initial,2
appointment,2
equipped,2
addressed,2
substitute,2
ictap,2
separation,2
notification,2
entered,2
separating,2
medals,2
evaluated,2
nonpreference,2
serviceconnected,2
dd214,2
sf15,2
claiming,2
10point,2
whole,2
minds,2
soul,2
continue,2
tradition,2
inquiry,2
shine,2
added,2
bargaining,2
sagaftra,2
emphasizes,2
apart,2
livt1,2
suited,2
curation,2
cardiology,2
dermatology,2
endocrinology,2
neurology,2
psychiatry,2
rheumatology,2
identification,2
almost,2
impossible,2
appeal,2
ksnw,2
concisely,2
wichita,2
restaurants,2
visible,2
teleprompters,2
educationexperience,2
environmentphysical,2
crossteam,2
launches,2
cohesive,2
appropriately,2
amid,2
wraltv,2
tobacco,2
raleigh,2
bull,2
hub,2
mount,2
wcnc,2
aspiring,2
tourism,2
cruising,2
abreast,2
grounding,2
loyalty,2
ferret,2
everevolving,2
unwavering,2
criticism,2
shaped,2
tags,2
newswires,2
foundations,2
fields,2
gni,2
accept,2
changesmust,2
resultsorientedmust,2
gallery,2
specs,2
lens,2
effectiveness,2
payment,2
permissionrelease,2
chicagoarea,2
procedure,2
driverless,2
cars,2
ourselves,2
competing,2
cruiser,2
additions,2
fleet,2
gm,2
applies,2
subeditor,2
euromoney,2
planned,2
quadgraphics,2
brainstorming,2
decide,2
investigates,2
logging,2
sensibility,2
shepherd,2
gifs,2
clarify,2
liaise,2
copywritereditor,2
belowtheline,2
keeping,2
kfsmtv,2
kxnwtv,2
fayettevillefort,2
smith,2
ar,2
charismatic,2
later,2
dominant,2
twoyears,2
ones,2
underwater,2
contemporary,2
walkandtalk,2
grab,2
sights,2
inews,2
tracks,2
visionary,2
models,2
sponsorships,2
ventures,2
thru,2
interactions,2
manpower,2
staffing,2
purchasing,2
apprised,2
capabilities,2
hr,2
organizationminimum,2
directionscope,2
st,2
startelegram,2
midrange,2
sdsu,2
pipelines,2
javascript,2
responsive,2
roadmap,2
venice,2
demos,2
biweekly,2
circacom,2
wednesday,2
improvements,2
topeka,2
employera,2
preferreda,2
geography,2
fielddemonstrated,2
goaloriented,2
abilityexperience,2
rolea,2
reportinga,2
deadlinesstrong,2
excelthe,2
fulfill,2
positionspanish,2
vetting,2
spans,2
regulators,2
politicsandpolicy,2
comb,2
sectorfocused,2
prioritizing,2
trend,2
observer,2
welldeveloped,2
baltimore,2
prowess,2
server,2
statements,2
60000,2
65000,2
solicitation,2
fiu,2
proposal,2
officers,2
proposals,2
givefiuedu,2
communicators,2
advertised,2
names,2
codecs,2
troubleshooting,2
transport,2
connecticut,2
educated,2
trillions,2
paradise,2
journals,2
employed,2
uaf,2
tobaccofree,2
metal,2
metals,2
collected,2
moscow,2
calgary,2
macmillan,2
preparation,2
jobsdb,2
ref,2
vl182361j,2
wwwabc7jobscom,1
wgrawm,1
abc7jobscom,1
ocrawm,1
costsadditional,1
ona,1
democratgazette,1
arkansasonlinecom,1
docs,1
preferredthe,1
preferredarkansasonlinecom,1
arkansasthis,1
rock,1
william,1
j,1
clinton,1
centerto,1
gavin,1
lesnick,1
glesnickarkansasonlinecom,1
501,1
3993664,1
ogden,1
professor,1
reinventing,1
arvr360°mr,1
bot,1
maker,1
administrativefaculty,1
twenty,1
collegiatelevel,1
springsummer,1
10013,1
foremost,1
500000,1
signal,1
heard,1
peabody,1
rtdna,1
millera,1
callin,1
fiction,1
diet,1
perspectivessource,1
invite,1
chops,1
none,1
arms,1
stoop,1
kneel,1
crouch,1
entrykeystrokes,1
prevalent,1
14719,1
harvard,1
facultys,1
leadingedge,1
400,1
contentsharing,1
annuallywhy,1
findingsjoin,1
servicedevelop,1
summarywe,1
websavvy,1
employ,1
editorspecific,1
audienceleads,1
hbshu,1
disseminating,1
researchcoordinates,1
contentdrives,1
missionproactively,1
readerfriendly,1
assumes,1
processworks,1
deadlinesother,1
assignedcover,1
requirednote,1
processfollow,1
opportunitiessalary,1
058union,1
00,1
businessminimum,1
specialistsexperience,1
managementexperience,1
navigating,1
qualitative,1
autonomyability,1
channelsability,1
simultaneouslythe,1
arerespect,1
dignity,1
othershonesty,1
communityaccountability,1
requiredfollow,1
46940br,1
utahs,1
notifications,1
stays,1
minorities,1
matt,1
canham,1
mcanhamsltribcom,1
wider,1
wburs,1
vevraa,1
15017,1
energized,1
airpublish,1
arrange,1
suggests,1
coaches,1
nonstandard,1
guaranteed,1
unavailable,1
hrcprorg,1
incomplete,1
drop,1
liaises,1
healthpublic,1
mon,1
fri,1
daytime,1
httpscareersaphaicimscom,1
eastern,1
eeoaavetsdisability,1
20181304,1
pen,1
bible,1
institute,1
40000,1
bimonthly,1
tm,1
sectionsdepartments,1
educates,1
entertains,1
achieves,1
wellresearched,1
errorfree,1
reprint,1
conversion,1
bookstore,1
ads,1
testimonials,1
cais,1
caihome,1
copyeditproofread,1
proving,1
intimate,1
15016,1
franchise,1
bbc,1
wgbh,1
epeditor,1
steeped,1
interconnected,1
beyondbroadcast,1
industrious,1
affects,1
reliably,1
needle,1
buzz,1
urged,1
theworldorg,1
buyin,1
eicep,1
formation,1
funding,1
commitments,1
settings,1
responsibilitiesessential,1
invites,1
walks,1
jobspriorg,1
narrativedriven,1
exhibit,1
smoothly,1
careful,1
diplomacy,1
tact,1
categorydefining,1
delighting,1
voracious,1
appetite,1
dataminded,1
penchant,1
teammates,1
disciplines,1
wrote,1
land,1
httpstextioai,1
linguists,1
funny,1
linguistics,1
webinar,1
mentality,1
prove,1
verbally,1
writingtextio,1
stands,1
thousand,1
disciplined,1
sweat,1
stuff,1
low,1
ego,1
mainstay,1
httpstextiocomcareers,1
parttimeperson,1
cyberjournalist,1
entering,1
wsvntv,1
windows,1
photographyprovide,1
pressing,1
puget,1
pacific,1
oneweek,1
onboarding,1
acquaints,1
undergo,1
scales,1
1600word,1
cadence,1
slightly,1
conjunction,1
accomplishment,1
meatier,1
capstone,1
lessons,1
fellowships,1
july,1
digest,1
diligence,1
historically,1
disadvantaged,1
economically,1
marginalized,1
meaningfull,1
superstar,1
brandnew,1
unlike,1
gig,1
allstar,1
ensemble,1
rocking,1
rolling,1
screens,1
pov,1
fourpart,1
midst,1
tampas,1
commute,1
excite,1
rockstar,1
awesome,1
roads,1
highways,1
max,1
wabctv,1
605880,1
sportsrelated,1
hollywood,1
celebrityrelated,1
suitable,1
messenger,1
anand,1
ranganathan,1
ceo,1
duta,1
5050,1
camino,1
116,1
94022,1
kron4,1
latenight,1
reserves,1
modify,1
requesting,1
hardcore,1
disinformation,1
datascience,1
scientist,1
statistically,1
untrained,1
quantile,1
regression,1
worst,1
pie,1
superpowers,1
nonnumbers,1
incompatible,1
sanity,1
aidshiv,1
onthejob,1
injuries,1
versa,1
jobsmotherjonescom,1
premierekgo,1
abc7kgotv,1
aftra,1
602560br,1
kgotv,1
602560,1
parttimeduration,1
arrive,1
fifteen,1
tipoff,1
summarizing,1
coherent,1
poise,1
sociology,1
payrate,1
doe,1
messy,1
methodologies,1
repeatable,1
crafty,1
bunch,1
explorer,1
hesitate,1
fancy,1
transparent,1
couple,1
nodejs,1
ruby,1
parsing,1
postgresql,1
elasticsearch,1
rust,1
esoteric,1
grep,1
goes,1
spreadsheet,1
conversant,1
encounter,1
internally,1
picking,1
template,1
teamcentered,1
advances,1
relative,1
clientele,1
principle,1
broaden,1
curator,1
budgeting,1
proficiencies,1
placements,1
externally,1
utilized,1
literature,1
directories,1
negotiation,1
ohio,1
automobile,1
digitallyfocused,1
thanks,1
journalisteditor,1
shoes,1
compensated,1
possibility,1
joblocation,1
soho,1
vertically,1
prosper,1
agriculture,1
destruction,1
losses,1
ultimately,1
tap,1
hazardous,1
mw,1
secondly,1
instead,1
reacting,1
optimized,1
hurricane,1
winter,1
flu,1
themestopics,1
behavioral,1
periodic,1
audits,1
deployed,1
deployment,1
newsbreaking,1
chosen,1
citations,1
action…ie,1
conversions,1
survey,1
lifetime,1
masters,1
1015,1
essence,1
conscience,1
outsiders,1
educator,1
intuitively,1
aka,1
preach,1
dna,1
articulation,1
fly,1
powers,1
persuasion,1
visio,1
spokesman,1
ksdk,1
boldly,1
oys,1
msjs,1
req112,1
8560,1
21701,1
laboratory,1
rolesresponsibilities,1
inaccuracies,1
spokespeople,1
council,1
accreditation,1
qualifying,1
render,1
lay,1
administrators,1
illustrators,1
observe,1
concurrent,1
executivelevel,1
commercials,1
newsorientated,1
confers,1
composes,1
reserve,1
performers,1
enlisted,1
afsc,1
3n0x2,1
narrations,1
newssports,1
sensitivities,1
airing,1
accessioning,1
disc,1
jockey,1
announcer,1
impediment,1
aloud,1
distinctly,1
favorable,1
motor,1
asvab,1
72,1
½,1
bmt,1
jb,1
antoniolackland,1
77,1
ft,1
meade,1
occupation,1
heathier,1
modernize,1
2011,1
onlocation,1
patientspecific,1
inclinic,1
telehealth,1
lhis,1
customizable,1
theres,1
acumen,1
slides,1
costeffective,1
optumhealth,1
la,1
crosse,1
wis,1
singular,1
evokes,1
composition,1
steadiness,1
microwavesatellite,1
internshipwho,1
april,1
researched,1
attributed,1
journalismmediasocial,1
hootsuites,1
cybersecurity,1
iran,1
russia,1
korea,1
congress,1
seamlessly,1
washingtondistrict,1
columbiaunited,1
parttimemultimedia,1
distinguished,1
sightline,1
tysons,1
c4isrnet,1
entirety,1
establishment,1
transitioning,1
possibly,1
surveys,1
polls,1
slide,1
consulted,1
overseas,1
contingency,1
weapons,1
policymaking,1
tough,1
journalismcommunicationsrelated,1
possessing,1
syntax,1
dayturn,1
magazineshow,1
download,1
wear,1
hats,1
mmjs,1
creatives,1
weird,1
offbeat,1
thinks,1
flare,1
dayturns,1
kasw,1
decides,1
libwhen,1
httpwwwyourphxcomworkforus,1
journalistphotographer,1
pax181579f,1
bowhead,1
journalistwriter,1
tasking,1
stimulate,1
aware,1
consumption,1
discourse,1
commands,1
retirements,1
symposiums,1
portrait,1
photographic,1
mounts,1
nawcad,1
paos,1
allowable,1
substitution,1
nikon,1
computing,1
httpsbitly2crdlas,1
parttimeaudio,1
100s,1
1000s,1
writingvoicingdigital,1
wire,1
interviewingvoicingrecording,1
progressive,1
afternoon,1
say…ability,1
httpwwwpublicnewsserviceorg,1
jobspublicnewsserviceorg,1
pns,1
indicate,1
05oct2018,1
prod,1
georgia,1
atlanta,1
productionpostproduction,1
165111br,1
unittbs,1
cnews,1
industryadvertising,1
cablebroadcast,1
contentservices,1
deserve,1
revolution,1
imagesound,1
na,1
micing,1
pressurefilled,1
24x7x365,1
typically,1
wait,1
warner,1
powerhouse,1
hbo,1
cartoon,1
swim,1
tnt,1
tbs,1
minoritiesfemalessexual,1
identityprotected,1
veteransdisabled,1
contractbuild,1
wwwsardertvcom,1
cxosexpertsauthors,1
filmed,1
infogathering,1
casts,1
attentiongrabbing,1
miscues,1
version,1
adequate,1
interrupt,1
portfoliosamplescase,1
jobsnetcomlearningcom,1
journalistanchor,1
598022,1
emphasizing,1
credible,1
writerproducer,1
specializing,1
gleaning,1
reproducing,1
journalisttelevision,1
ipads,1
servers,1
resumecover,1
didnt,1
stylekey,1
interpretation,1
sops,1
assurance,1
508,1
departmental,1
hs,1
empowers,1
peopleno,1
statusto,1
fearlessly,1
18000521,1
fairly,1
missing,1
slot,1
recurring,1
spj,1
reconcile,1
divergent,1
workloads,1
neat,1
stooping,1
kneeling,1
touching,1
walking,1
pulling,1
fingering,1
motions,1
handtoeye,1
auditory,1
colorcoding,1
temperature,1
extremes,1
hotcold,1
cramped,1
quarters,1
angry,1
arctic,1
aircraft,1
alaskans,1
lh,1
82018,1
usakanchorage,1
aug,1
125737,1
recruiter,1
jean,1
phimmasone,1
moline,1
il,1
generalassignment,1
circulates,1
quadcities,1
400000,1
kinds,1
savviness,1
traits,1
iu,1
complement,1
possesses,1
qualificationsknowledgeskillsabilities,1
lieu,1
evidenced,1
photovideo,1
dfw,1
projectfocused,1
cameragenerate,1
channelsmaintain,1
preserve,1
stationother,1
spanishproduce,1
dailygather,1
informationconduct,1
interviewsshoot,1
cameramaintain,1
spanishability,1
spanishproficient,1
applicationsunderstanding,1
metricsproven,1
fanfollower,1
growthfunctional,1
gear,1
systemswell,1
affairsstrong,1
changesflexible,1
weekendspossess,1
skillsable,1
conceptual,1
solutionsstrong,1
ethicsvalid,1
universitytwo,1
multimediavideo,1
cameraproven,1
libbing,1
muststrong,1
principlesfully,1
spanishhighly,1
criticalthinkerhigh,1
detailsability,1
deadlinesexperience,1
vehiclemust,1
audible,1
speechmanual,1
timemust,1
inclement,1
uci,1
dallas,1
basismust,1
minneapolis,1
segundo,1
fernando,1
newport,1
anaheim,1
kagstv,1
bryancollege,1
newshound,1
developerjournalists,1
datarich,1
drilling,1
pixels,1
3d,1
animations,1
printtext,1
columnists,1
editorapplicantsgmailcom,1
anchorsvideo,1
interestwrite,1
platformswork,1
developmentpresent,1
contentgenerate,1
locationcoordinate,1
interviewsdevelop,1
newscastsinvolved,1
stationwrite,1
fieldat,1
experienceat,1
writtenenterprise,1
requiredstrong,1
mustinterested,1
consideredmust,1
mcallen,1
texasmust,1
oldermust,1
writemust,1
reelportfolio,1
address,1
applicablemust,1
stationmust,1
schedulemust,1
statesmust,1
dispute,1
processpossess,1
environmenthigh,1
natureability,1
deadlinesskills,1
solvercreative,1
ideasstrong,1
levelgeneral,1
preferredproven,1
contactsproven,1
tlm,1
ktlm,1
citymcallen,1
cuttingedge,1
happenings,1
wings,1
launching,1
streams,1
chartbeat,1
dslr,1
clickable,1
supplying,1
kfsntv,1
abc30,1
595119,1
oakland,1
duration,1
28,1
miscellaneous,1
501c4,1
forgiveness,1
pslf,1
sponsor,1
h1b,1
visas,1
planet,1
jobspecific,1
attachments,1
kfmb,1
cbs8,1
msj,1
industrys,1
responsibilitiesreports,1
platformsinteracts,1
sitesperforms,1
skillsbachelors,1
experiencefluency,1
englishexcellent,1
requiredsuperior,1
presenceproficiency,1
equipmentability,1
simultaneouslyvalid,1
recordflexibility,1
hourdesired,1
marketingcontent,1
marketingwordpressvideo,1
productiondrupalgraphic,1
designeducation,1
choice,1
equip,1
inspiring,1
alumni,1
whitepapers,1
hashtags,1
resides,1
overland,1
monday,1
flyers,1
embed,1
alignment,1
inbound,1
designadmarketing,1
hannah,1
lemon,1
hannahlemonkuedu,1
9138978755,1
invested,1
magazinemaking,1
drafting,1
notable,1
strengths,1
kx,1
heights,1
tweets,1
component,1
bismarck,1
town,1
snackable,1
journalismjournalist,1
nighttime,1
dave,1
sherman,1
reply,1
bilingualdrivers,1
breakingspot,1
journalismcommunications,1
majors,1
exerience,1
gatheringreporting,1
wrc,1
citywashington,1
columbia,1
journalistreporter,1
whnstv,1
65,1
leadstips,1
compiles,1
pdas,1
landlines,1
modems,1
modes,1
suiting,1
oneonone,1
utilise,1
visits,1
unity,1
framework,1
organised,1
fsa,1
waihi,1
whangamatas,1
coastal,1
connection,1
broadcaster,1
wjzytv,1
duopoly,1
assembles,1
u,1
ka,1
defensive,1
metropolitan,1
issued,1
fts,1
eoemfveterandisabled,1
kwex,1
41,1
informing,1
hispanic,1
systemswrite,1
airresearch,1
fieldresearch,1
assignedwork,1
interviewsestablish,1
workingrelationship,1
coanchors,1
wellpaced,1
broadcastmust,1
producerattend,1
managementwork,1
technologymust,1
pressuremust,1
45,1
serverbased,1
dailypersonal,1
radiotvfilm,1
preferredbroadcast,1
photographereditor,1
preferredprior,1
opinioneditorial,1
ample,1
arguments,1
abiding,1
wncttv,1
jacksonville,1
lastminute,1
3221,1
evans,1
27834,1
tauranga,1
newstalk,1
zb,1
licenseresponsible,1
multiplatforms,1
wgcltv,1
highlyqualified,1
writesedits,1
multimarkets,1
demonstrative,1
infusing,1
wkbwtv,1
parttimedigital,1
massachusetts,1
options,1
endear,1
evergrowing,1
indemand,1
adtaxi,1
performancedriven,1
differentiators,1
digitalfirstmedia,1
environs,1
grabbing,1
honesty,1
methode,1
hostmultiskilled,1
genuine,1
immersive,1
bar,1
journey,1
hosting,1
publicspeaking,1
grind,1
invest,1
scripted,1
wardrobe,1
hair,1
cosmetics,1
grooming,1
wvec,1
norfolkvirginia,1
reportermultiskilled,1
chemistry,1
storiessegments,1
webmobile,1
unsigned,1
taxes,1
inequality,1
provocatively,1
colleague,1
roam,1
kdvrfox31,1
kwgncolorado,1
fights,1
table,1
clobbers,1
energeticcreative,1
journalismcommunicationsbroadcasting,1
reporterdriver,1
watching,1
pubic,1
transformative,1
sanctions,1
actionable,1
synchronize,1
situational,1
imagine,1
researcher,1
tightknit,1
definitive,1
multinationals,1
impacted,1
sanctioned,1
actors,1
upheaval,1
violent,1
opensource,1
todays,1
brief,1
governmental,1
camstoll,1
subsidized,1
fullystocked,1
gourmet,1
beverages,1
openplan,1
workspace,1
prolific,1
writereditorcontent,1
skin,1
creator,1
immerse,1
downloadable,1
comments,1
outofthebox,1
ahrefs,1
cision,1
wmatch,1
companyaffiliate,1
discount,1
wwwmdxglobalinccom,1
parttimethis,1
editorcollect,1
submissionspost,1
syndicated,1
columnsuse,1
contestvideo,1
sold,1
abilityclear,1
judgmentknowledgeable,1
krem,1
sharable,1
voiceovers,1
licensekgo,1
abc7newskgotv,1
ownedandoperated,1
iteam,1
kgo,1
nonunion,1
undercover,1
dayshours,1
alter,1
assisted,1
onto,1
br,1
paying,1
nyt,1
recipes,1
aiming,1
lasting,1
bouncing,1
tweaking,1
multicamera,1
restaurant,1
kitchens,1
cooks,1
homes,1
overhead,1
handsandpans,1
personalitydriven,1
outfit,1
construction,1
watchable,1
lengths,1
tappable,1
episodic,1
prop,1
chefs,1
technique,1
turned,1
geared,1
bend,1
iterating,1
tweak,1
parentalleave,1
birth,1
gestational,1
parents,1
ligc1,1
200054076,1
2020,1
beatdriven,1
besides,1
ends,1
nov,1
wtvdtvabc,1
raleighdurham,1
fayetteville,1
selfreliant,1
improvise,1
satellitemicrowavebroadband,1
560706,1
centers,1
transparency,1
improvising,1
spotlight,1
inewsopus,1
viewerssocial,1
californians,1
compete,1
parttimecompany,1
wsyr,1
tapes,1
projectrelated,1
transcribe,1
clip,1
climb,1
wtaetv,1
hearstowned,1
pa,1
topicallyrelevant,1
vosots,1
engsngtvu,1
wtaecom,1
relationsthe,1
compel,1
seooptimized,1
optimizing,1
suggestions,1
coordinatemanage,1
hoc,1
clippings,1
10000,1
workweek,1
1530,1
conditional,1
fulfillment,1
upperclassman,1
officeoverview,1
broadside,1
imprints,1
bestselling,1
mlb,1
pl,1
routing,1
sheet,1
flap,1
agents,1
input,1
transmits,1
backlist,1
reissues,1
arise,1
bed,1
neighbors,1
mercury,1
bang,1
midsenior,1
wildfire,1
complexity,1
intent,1
comply,1
legislation,1
html5content,1
systemsmicrosoft,1
officenotice,1
ok,1
internalexternal,1
exec,1
admin,1
upbeat,1
oklahoma,1
tour,1
championships,1
pros,1
quotes,1
outs,1
spellinggrammar,1
searches,1
dictated,1
html5,1
48000,1
62000,1
earlycareer,1
supple,1
throw,1
earn,1
stretch,1
evocative,1
sciencehealth,1
foodcooking,1
businessmedia,1
prizewinning,1
countless,1
traces,1
1840,1
samuel,1
clemens,1
fourperson,1
midlevel,1
jump,1
pagination,1
correspondents,1
packed,1
roots,1
wwwmuscatinejournalcom,1
wwwqctimescom,1
subscriptionbased,1
electric,1
utilities,1
tremendous,1
personally,1
professionally,1
authorities,1
sec,1
posterhttpwwwdolgovofccpregscomplianceposterspdfeeopostpdf,1
anchorcoproducer,1
kerotv,1
bakersfield,1
secrets,1
facing,1
shapes,1
upside,1
situated,1
dozens,1
worlda,1
exclusives,1
nonobvious,1
franciscocaliforniaunited,1
brightest,1
…,1
flourish,1
skillsabilities,1
climate,1
subjected,1
heat,1
70,1
fingers,1
mouse,1
compute,1
kusa,1
journalistnews,1
knoxville,1
wbircom,1
31000,1
39000,1
anchorreportermsj,1
connected,1
dialog,1
arrangements,1
ineligible,1
cartography,1
investigated,1
datainformed,1
deepen,1
signature,1
mar,1
researchminded,1
roi,1
manipulating,1
displaying,1
comscore,1
kantar,1
paramount,1
chart,1
mustread,1
disruptors,1
1930,1
burgeoning,1
continues,1
curated,1
mustattend,1
coveted,1
alist,1
httpadagecom,1
httpstwittercomadage,1
forefront,1
elevating,1
independence,1
meaning,1
infuse,1
craincomm,1
craincareers,1
mycrainview,1
craincares,1
glassdoor,1
employerprotected,1
veteransindividuals,1
discharge,1
inquired,1
disclosed,1
disclose,1
disclosure,1
formal,1
furtherance,1
proceeding,1
c,1
finesse,1
rosemary,1
ohara,1
roharasunsentinelcom,1
710,1
phases,1
maturity,1
grievances,1
inquiries,1
sunsentinel,1
tronc,1
developfollow,1
procustomer,1
serviceadobe,1
photoshopmicrosoft,1
officewe,1
worthy,1
kc,1
span,1
involves,1
600,1
partial,1
study,1
studying,1
filmtv,1
reportingexperience,1
avidexperience,1
4k,1
hd,1
camerasexperience,1
requirementspunctual,1
selfmotivatingmust,1
settingexcellent,1
verbalcommunicationattention,1
detailknowledge,1
plusknowledge,1
softballproficient,1
dropbox,1
drivestrong,1
deadlinesdemonstrates,1
officefield,1
responsibilitiesfilm,1
highlights,1
tournamentseventsedit,1
promo,1
videosperform,1
tournamentsinterview,1
liveconduct,1
playerscoachesanchor,1
sportscastspost,1
instagramgrow,1
postsdesign,1
videoarchive,1
dual,1
handful,1
nytcooking,1
nytimesfashion,1
nytgender,1
nytarchives,1
nytimestravel,1
comment,1
moderation,1
structured,1
sustainable,1
noteworthy,1
speakingindance,1
featured,1
surfacing,1
photodriven,1
productionthe,1
spearhead,1
boards,1
effect,1
persuasively,1
discussion,1
debate,1
opeds,1
standpoint,1
luis,1
obispo,1
modesto,1
merced,1
beecalifornia,1
notch,1
absolutely,1
shootingediting,1
anchorreporting,1
metricsinformed,1
huntsville,1
easy,1
experienceoverview,1
annapolis,1
rebuild,1
secondranking,1
anne,1
arundel,1
printwork,1
capitalgazettecom,1
immediatelyassists,1
teamworks,1
coverageworks,1
storiesoversees,1
naval,1
academy,1
courtsworks,1
newsupdates,1
collections,1
teamproduces,1
contentfour,1
encouraging,1
employeesability,1
trafficsolid,1
wgrz,1
liquids,1
filed,1
productspecific,1
consists,1
mexico,1
mediumswork,1
coveragecoordinate,1
resourcesedit,1
endofday,1
publicationscompile,1
agendasreport,1
industrystrong,1
skillscomfort,1
environmentability,1
deadlinestrong,1
skillsfunctional,1
excelexcellent,1
skillsstrong,1
skillsspanish,1
pricereporting,1
schemegroup,1
ktve,1
10kard,1
lynx,1
paired,1
doppler,1
jarod,1
floyd,1
arklamiss,1
writingmeteorologyreporting,1
filling,1
meteorologists,1
photogs,1
tripod,1
meteorologistmmj,1
perhaps,1
hotly,1
debated,1
entities,1
missteps,1
outright,1
industrywide,1
belttightening,1
whipsaw,1
affected,1
mindful,1
presss,1
tense,1
coincides,1
old,1
memo,1
poised,1
listeningbilingualjob,1
wzzmtv,1
investigator,1
reputations,1
consumeroriented,1
cap,1
lexisnexis,1
nicar,1
wivb,1
patient,1
instruction,1
assembly,1
k12,1
justice,1
wake,1
triangle,1
pdf,1
hrncjusticeorg,1
wptv,1
sunny,1
livenow,1
standupslive,1
arent,1
wwwscrippscom,1
httpsrecruitingadpcomsrccarpublicrtihomec1060841dexternal,1
publicservice,1
defending,1
lies,1
squarely,1
ignite,1
plays,1
reject,1
freeing,1
audiencefocused,1
engagementrelated,1
pillars,1
magazinestyle,1
exist,1
incremental,1
lack,1
proxy,1
mean,1
selections,1
ear,1
digitalfirstanalyticsfocused,1
kgun9,1
relying,1
relied,1
journalismabout,1
mdp,1
meredithcom,1
200,1
unduplicated,1
millennial,1
celebrity,1
3000,1
skus,1
5000,1
walmart,1
stores,1
walmartcom,1
concentrated,1
destinations,1
fintech,1
bond,1
cryptocurrencies,1
forwardlooking,1
eventscapable,1
happened,1
delving,1
andnumbers,1
lot,1
formidable,1
streak,1
fortunes,1
yorkbased,1
newsfocused,1
fiveminute,1
although,1
afforded,1
animation,1
mobilefocused,1
jobreq14351,1
wsavtv,1
savannah,1
ga,1
bluffton,1
lowcountry,1
ktvb,1
boise,1
xpri,1
cinematography,1
canon,1
cinema,1
gimbal,1
drone,1
pilots,1
107,1
mfvd,1
603103,1
editorincharge,1
gatekeeper,1
explainer,1
stopmotion,1
highlyvisual,1
constraints,1
stills,1
c100,1
c300,1
jobreq14350,1
12news,1
reportermsj,1
reportinganchoring,1
nebraska,1
southeast,1
fivepart,1
homelessness,1
impressive,1
wwwsiouxcityjournalcom,1
asian,1
drawing,1
carpets,1
junket,1
static,1
chaos,1
shotlists,1
chinese,1
panasonic,1
26,1
introduce,1
clustered,1
mark,1
functionsplay,1
accompanied,1
freelancersdemonstrate,1
fastchanging,1
environmentwork,1
makingmanage,1
dispersed,1
regioncollaborate,1
elsewhere,1
topicsmaintain,1
compromising,1
qualificationsa,1
reportersstrong,1
reportersideal,1
analytic,1
piecesresults,1
pressureb2b,1
captionwriting,1
mediamaster,1
experienceliaa1,1
wfxt,1
responsibilitiesreport,1
coverageexcel,1
communitystrong,1
liveshotswork,1
teamwrite,1
platformsregularly,1
eventswork,1
conclusions,1
usmadedham25,1
managementwordpressgoogle,1
analyticsseohaven,1
insuretech,1
backed,1
wholly,1
massmutual,1
affordable,1
backing,1
seriously,1
yorks,1
flatiron,1
wondering,1
brew,1
commuter,1
phenomenal,1
haven,1
gaps,1
syndication,1
expansion,1
assure,1
funnels,1
oh,1
yeah,1
productionjoin,1
innate,1
dots,1
reveal,1
eyewitness,1
airplane,1
ship,1
trackers,1
cinematographers,1
documentary,1
paste,1
explanation,1
stafffor,1
increasing,1
al,1
jazeera,1
spirituality,1
lgbtq,1
commuting,1
lifespan,1
soft,1
younger,1
companion,1
niche,1
faithfully,1
spectator,1
participatory,1
outdoororiented,1
56,1
wellwritten,1
sidebars,1
average,1
avenues,1
includedoutlined,1
welldesigned,1
wellpresented,1
packagingstorytelling,1
functionality,1
outlined,1
swift,1
internshipjob,1
9news,1
celebrated,1
adventure,1
pt,1
parttimefreelance,1
hybrid,1
containing,1
httpwwwtribunemediacomcareers,1
201848499,1
prothe,1
wfxr,1
detailing,1
forecast,1
entry,1
internshipeverydayhealthcom,1
closeknit,1
bestpractices,1
manhattan,1
recognizing,1
nutrition,1
diabetes,1
sclerosis,1
sleep,1
graduated,1
730000,1
practicing,1
enables,1
patients,1
payers,1
lebron,1
james,1
winding,1
captivated,1
nba,1
lands,1
introduces,1
nurture,1
taste,1
seeing,1
norm,1
iterations,1
mastering,1
layering,1
marriage,1
mostly,1
star,1
landed,1
finishes,1
rank,1
livable,1
livabilitycomtop10healthtop10healthiestcities2015minnesotaminneapolis,1
culinary,1
hotbed,1
breweries,1
microbrew,1
ryder,1
2016,1
bowl,1
lii,1
2017,1
voter,1
turnout,1
volunteerism,1
capita,1
604250,1
acuris,1
mergers,1
acquisitions,1
charlottesvillebased,1
transactions,1
2000,1
africa,1
asiapacific,1
ceos,1
cfos,1
prospects,1
targets,1
subscriber,1
lawyers,1
corporates,1
tenacity,1
crack,1
undercovered,1
networker,1
prerequisite,1
charlottesville,1
surrounding,1
2500,1
fits,1
though,1
eoeminoritiesfemalesvetdisabled,1
ind123,1
ktvx,1
kucw,1
ut,1
nightside,1
assertive,1
gatherer,1
planner,1
reporterphotographer,1
19000,1
22000,1
won,1
rural,1
racine,1
relies,1
wspatv,1
wycw,1
greenvillespartanburgashevilleanderson,1
kirk,1
varner,1
wspawycw,1
spartanburg,1
29303,1
tasksresponsibilities,1
careerdevelopment,1
retention,1
fairs,1
attributesknowledgeexperience,1
engagements,1
inclination,1
agendas,1
ame,1
jobreq12989,1
mobilepensacola,1
dma,1
significantly,1
enriches,1
fox10tvcom,1
picturesque,1
gulf,1
mardi,1
gras,1
sandy,1
seafood,1
tandem,1
centerassignment,1
feeding,1
courteous,1
senses,1
alive,1
pattern,1
whove,1
felony,1
crimes,1
taxpayer,1
sink,1
teeth,1
fiscal,1
mismanagement,1
indianas,1
counties,1
bustling,1
shores,1
sheriff,1
accepting,1
bribes,1
exchange,1
preferential,1
surveyor,1
stole,1
attempted,1
destroy,1
township,1
trustee,1
shaking,1
mid,1
1980s,1
revolving,1
door,1
indictments,1
convictions,1
rabidly,1
weeding,1
socially,1
financially,1
appreciate,1
copywritingphotographymicrosoft,1
wordadobe,1
photoshopnorth,1
gazette,1
osage,1
brittforest,1
insured,1
pcs,1
readable,1
savings,1
coproducing,1
chat,1
integrating,1
exhibiting,1
audiencesensitive,1
sparked,1
newsdesk,1
onplatform,1
leverages,1
signals,1
bridging,1
specialties,1
showcasing,1
bachelorsmaster,1
knowledgeinterest,1
excelexcelbased,1
numerical,1
petrochemical,1
betterinformed,1
montpellier,1
dusseldorf,1
karlsruhe,1
milan,1
mumbai,1
guangzhou,1
shanghai,1
perth,1
350,1
upholding,1
corroboration,1
plc,1
worldleading,1
httpwwwreedbusinesscom,1
charity,1
ote,1
disabled,1
jobsrbicouk,1
licensethe,1
restructuring,1
booming,1
tax,1
trump,1
boosted,1
spurred,1
spate,1
megadeals,1
meanwhile,1
left,1
dead,1
buoyed,1
flourishing,1
contained,1
boom,1
excesses,1
risktaking,1
questionable,1
lax,1
counterparts,1
emea,1
managed,1
ranking,1
relief,1
nrsw,1
multifaceted,1
prominent,1
speakers,1
nationwideworldwide,1
inject,1
inspires,1
reddit,1
riveting,1
parttimesummaryobjective,1
secondincommand,1
issueoriented,1
35exempt,1
coordinatorsr,1
asuccessfuluamericanedu,1
npaa,1
pack,1
immediatelyminimum,1
topend,1
feed,1
natas,1
lnv,1
aerial,1
chopper,1
50lbs,1
digitallyminded,1
webfirst,1
dutiesresponsibilities,1
localize,1
newsgatherers,1
tablets,1
consultant,1
eventsand,1
mclean,1
steps,1
treatment,1
strategists,1
standardidentity,1
consultative,1
managementcoordination,1
experiencejournalismcopywritingdrivers,1
licensecontent,1
systemssouthwest,1
19member,1
highgrowth,1
entices,1
residents,1
naturally,1
wage,1
knowledgeskill,1
geographic,1
deadlinedrive,1
continuance,1
intensely,1
advertorial,1
publicationsprojects,1
insurable,1
12925,1
eagle,1
creek,1
parkway,1
chanhassen,1
villager,1
chaska,1
eden,1
prairie,1
jordan,1
pacer,1
shakopee,1
hutchinson,1
litchfield,1
perseverance,1
114590,1
148967,1
yearparttimeduties,1
voas,1
arcs,1
themes,1
contextualize,1
multitude,1
appraisals,1
vacant,1
effecting,1
minor,1
disciplinary,1
substantive,1
adequacy,1
practicability,1
disseminated,1
scrutiny,1
probing,1
expose,1
undisclosed,1
1082,1
sf86,1
requiring,1
selectee,1
oneyear,1
gs13,1
contradictions,1
inconsistencies,1
reputable,1
productioncreation,1
inter,1
transition,1
wellqualified,1
vacancy,1
displaced,1
sf50,1
documenting,1
certification,1
injury,1
opm,1
annuity,1
guard,1
retired,1
usc,1
8337h,1
8456,1
male,1
123159,1
register,1
selective,1
1986,1
registered,1
competence,1
compared,1
occupational,1
numeric,1
inflated,1
adjusted,1
omissions,1
protects,1
placing,1
compensable,1
q,1
5point,1
intermittent,1
tallahassee,1
disposal,1
factbased,1
races,1
mayor,1
governor,1
senate,1
journalismnew,1
radios,1
joyful,1
rooted,1
applied,1
vigorously,1
injustice,1
tempered,1
democracy,1
intimacy,1
dec,1
initiating,1
vividly,1
modeling,1
compose,1
maximizes,1
fealty,1
relentless,1
publicradio,1
sensibilities,1
generational,1
ethnic,1
racial,1
expressing,1
kiii,1
bold,1
exemplifying,1
mixture,1
presidentgeneral,1
teacher,1
communityminded,1
heads,1
html5fact,1
checkingseohaymarket,1
quizzes,1
hematologyoncology,1
pulmonology,1
categorized,1
accompaniment,1
multidisciplinary,1
budgetsinvoicesexpenses,1
englishjournalistcommunications,1
biological,1
educationcommunicationadvertising,1
simultaneous,1
interconnectivity,1
allowing,1
practicerelated,1
therapeutic,1
nephrology,1
oncology,1
pain,1
pulmonolgy,1
urology,1
physician,1
nurse,1
nurses,1
ago,1
prided,1
unrelenting,1
quite,1
globalization,1
medicine,1
exhibitions,1
predicting,1
unpredictability,1
toprated,1
underrated,1
nightlife,1
invited,1
obtained,1
vocal,1
enunciation,1
communicationjournalism,1
lcd,1
80000,1
hinges,1
loans,1
yield,1
bonds,1
distressed,1
debt,1
bankruptciesrestructurings,1
lcds,1
straight,1
density,1
developmaintain,1
insightperspective,1
derive,1
creditdebt,1
discern,1
merited,1
highvolume,1
centric,1
embracing,1
succeeding,1
succinctly,1
finds,1
mf,1
wral,1
wraztv,1
wraz,1
wralfm,1
wralhd2,1
wcmcfm,1
wcmchd1,1
wdncam,1
wcmchd2,1
wcmchd3,1
wclyam,1
wcmchd4,1
microspace,1
cbc,1
wolfpack,1
venture,1
learfield,1
wilmtv,1
wiltld,1
sunrise,1
wilmington,1
bulls,1
hospitality,1
beer,1
underground,1
mills,1
builders,1
morrisville,1
checkingjob,1
vary,1
1020,1
stop,1
explores,1
capitalize,1
examines,1
delve,1
beneath,1
predictable,1
floridians,1
flights,1
airlines,1
negatively,1
wages,1
worker,1
prospecting,1
miami,1
herhis,1
framed,1
extendexpand,1
concrete,1
revelatory,1
issue,1
amount,1
reasons,1
pluses,1
datareporting,1
spanishlanguage,1
jane,1
wooldridge,1
parttimedesired,1
licensetmj4,1
wi,1
597304,1
accomplished,1
invigorated,1
topquality,1
chiefs,1
decisively,1
wherewithal,1
overseers,1
temperament,1
jargon,1
numeracy,1
upholds,1
descriptions,1
onpage,1
searchengine,1
notably,1
publishable,1
packagesarticle,1
adding,1
assesses,1
adjustments,1
coding,1
dj,1
assigns,1
rather,1
reactive,1
compassion,1
prioritizes,1
changinghanding,1
jobreq14157,1
coalitions,1
accelerators,1
nonprofits,1
scaled,1
purposedriven,1
focuses,1
resolve,1
strengthen,1
trainings,1
relates,1
alias,1
parttimeunivision,1
camerasoperate,1
equipmenthelp,1
storiesnewsgathering,1
fieldsstrong,1
promust,1
spanishenglish,1
solutionswork,1
upto,1
ncemploymenteducation,1
square,1
robotic,1
mic,1
utilityfloor,1
neatly,1
dressing,1
cables,1
avoid,1
tripping,1
hazards,1
pls,1
operators,1
stage,1
setdesk,1
setpieces,1
aslive,1
preprepared,1
templated,1
correcting,1
hottest,1
technological,1
dramatically,1
transformed,1
implemented,1
adopting,1
businessminded,1
jobreq13011,1
organizing,1
sequence,1
appeals,1
archives,1
tvfilm,1
broadcastproduction,1
oregon,1
greatest,1
filter,1
coursework,1
forwardthinking,1
wwwkgwcomabout,1
kstutv,1
watched,1
showstackers,1
hourlong,1
crisp,1
copybook,1
segmentsproofread,1
broadcastwork,1
etclook,1
fox13nowcom,1
coveragework,1
unbeatable,1
newswork,1
journalistically,1
basisproduce,1
tribunemediacareerscom,1
201848327,1
employs,1
classifications,1
journalismhtml5content,1
systemsadobe,1
photoshopthe,1
safer,1
convenient,1
httpswwwdriverlessidnewsvideobreakdowngmsunicorncruiseshowsofflevel4skillssfpassingubermaybewaymo0176031,1
fuel,1
dreamers,1
doers,1
generations,1
writereditor,1
likely,1
unlikely,1
expecting,1
clevel,1
reshape,1
groundfloor,1
pitchemails,1
asks,1
csuite,1
respective,1
fidelity,1
distill,1
perk,1
humans,1
backbone,1
robot,1
matching,1
familys,1
stipend,1
lunch,1
dinner,1
glimpse,1
httpswwwlinkedincomcompanycruiseautomationinc,1
genetics,1
facilities,1
termination,1
layoff,1
recall,1
leaves,1
httpsgetcruisecomprivacy,1
advert,1
numerate,1
subbing,1
supplements,1
fourstrong,1
beneficial,1
harmonious,1
cooperative,1
editorsreporters,1
prioritised,1
conflicting,1
comprises,1
fac,1
quarterly,1
iq,1
reactions,1
completes,1
hardhitting,1
recognised,1
autumn,1
grown,1
revenues,1
londonlisted,1
ftse,1
internshipa,1
cando,1
finest,1
unpaid,1
200000plus,1
prefer,1
milwaukeemagcom,1
honed,1
theyve,1
returned,1
display,1
finalists,1
1520,1
ward,1
assume,1
rectify,1
soon,1
carries,1
vacations,1
unlawfully,1
unlawful,1
prohibits,1
harassment,1
austin,1
tipdriven,1
recovered,1
dollars,1
revealed,1
shortfalls,1
exposed,1
backgrounding,1
investigators,1
realistic,1
executable,1
basiscollect,1
observationproduce,1
mediaoffplatform,1
endeavoring,1
novel,1
coveragefrom,1
marketmoving,1
exclusivesacross,1
encountering,1
socialoffplatform,1
socialflow,1
parsely,1
emergingmedia,1
verticaldisplay,1
utmost,1
deference,1
surfeit,1
restraint,1
resurfacing,1
livestreaming,1
serialized,1
transitions,1
codify,1
procure,1
socialfriendly,1
jobreq13501,1
consumerfacing,1
attribute,1
critically,1
belt,1
wellrounded,1
marketingadvertising,1
agencypr,1
etail,1
quickstart,1
howtovideo,1
trademark,1
lifecycle,1
changescorrections,1
compare,1
exemplary,1
creativedesign,1
clientside,1
technologyconsumer,1
selfdriven,1
strategyidea,1
thoughtfully,1
consumerdriven,1
localization,1
translation,1
transcreation,1
critique,1
preferable,1
blend,1
limit,1
15107134866,1
ling1,1
photographerjournalist,1
storiespictures,1
brandfocused,1
55,1
videopicture,1
operatesdrives,1
suv,1
setsup,1
40100,1
efficiency,1
scenic,1
burlington,1
vtplattsburgh,1
nbc5,1
wptztv,1
northern,1
england,1
calmness,1
barrage,1
tune,1
tvu,1
liveshots,1
dmm,1
tvvideo,1
dinfos,1
careershearsttelevisioncom,1
licenseoverview,1
contractjob,1
bounds,1
looks,1
videographer,1
environmentseverything,1
virtual,1
hey,1
vr,1
a7s,1
generator,1
played,1
threemonth,1
jobreq13170,1
copywritinghtml5proofreadingdrupalfounded,1
1906,1
democratic,1
arena,1
diplomats,1
faith,1
textbased,1
draft,1
furthers,1
combating,1
antisemitism,1
countering,1
radicalism,1
extremism,1
revising,1
refreshed,1
copywriter,1
oneperson,1
dailymust,1
soundsprepares,1
systemsupervises,1
preproduction,1
anchorread,1
graphicsestablish,1
communityattend,1
managementrequired,1
deemed,1
2year,1
inthefield,1
reportingbilingual,1
alonemust,1
accuratelystrong,1
avideffective,1
abilityability,1
solutionscandidate,1
ethicswork,1
universitymust,1
skillsmust,1
introducing,1
architects,1
buildings,1
inhabit,1
digitallyoriented,1
functionsshow,1
standout,1
imagerycollaborate,1
marketscultivate,1
bench,1
contributorsattend,1
coveragemonitor,1
relevancefollow,1
impartialityuse,1
qualificationsproven,1
contentcreatingcurating,1
writingreporting,1
audienceresults,1
pressurecandidates,1
reportsb2b,1
mediabachelor,1
disciplineliaa1,1
portfolios,1
ux,1
serverside,1
mechanics,1
learners,1
experiencejob,1
louis,1
heres,1
vacationland,1
satiating,1
mmjing,1
fb,1
omniturethe,1
seniorlevel,1
fort,1
juggler,1
oneday,1
twoday,1
strives,1
acquire,1
conventional,1
roadblocks,1
marketplace,1
referrals,1
promoting,1
evolves,1
contractoverview,1
nightly,1
dnes,1
proofreads,1
stacks,1
whiteboard,1
continuity,1
accumulation,1
brainstorms,1
supplies,1
gears,1
decisive,1
withadobe,1
newsinterview,1
satisfactorily,1
eeoaadisabilityvets,1
audiencerelated,1
bolstering,1
capacities,1
fullstack,1
deploying,1
prototypes,1
tied,1
toplevel,1
prototyping,1
dashboards,1
ab,1
optimal,1
extraction,1
loading,1
bash,1
cloudbased,1
bigquery,1
aws,1
dataproc,1
pubsub,1
jobreq14570,1
bitcentral,1
programmingtechnical,1
designjournalismhtml5javascriptsketchcssjob,1
libraries,1
cs,1
sketch,1
designing,1
artgraphics,1
jobreq14477,1
pace,1
accustomed,1
monetization,1
dollar,1
founding,1
adtech,1
howto,1
howstuffworkscom,1
seniority,1
maintained,1
seasonal,1
exceptionally,1
knowledgeunderstanding,1
kpis,1
outbrain,1
taboola,1
uberlyft,1
orca,1
card,1
bellevue,1
meals,1
stocked,1
bars,1
trainer,1
intensity,1
yoga,1
volleyball,1
ultimate,1
frisbee,1
outings,1
skyzone,1
skydiving,1
medieval,1
karaoke,1
release,1
verticals,1
10am,1
7pm,1
laid,1
contententry,1
contentrelated,1
solo,1
ksntcom,1
officeexcelargus,1
gatherings,1
standardsoversee,1
methodology,1
deletionswrite,1
outlooks,1
graphs,1
subscriberswork,1
trendscontribute,1
managementdevelop,1
intelligencedevelop,1
intelligencemaintain,1
productscover,1
requiredadhere,1
deadlinesprovide,1
subjectmatter,1
departmentswork,1
scheme,1
subsidised,1
wwwargusmediacomencareersopenpositions,1
invoices,1
inroad,1
illustrations,1
crop,1
galleries,1
writeedit,1
displayed,1
nonnarrative,1
irregular,1
platformmedium,1
detective,1
directs,1
highfunctioning,1
puts,1
audiencecentered,1
choices,1
carolinas,1
reinforce,1
diversify,1
easilydigestible,1
audiencefriendly,1
baltimoresuncom,1
hunt,1
trackrecord,1
skillset,1
procures,1
implements,1
maneuver,1
leadworthy,1
printquality,1
digs,1
shelf,1
qas,1
luncheons,1
evidences,1
managementsector,1
procurement,1
50year,1
staffs,1
largescale,1
ontheground,1
integritychecking,1
bulletproof,1
spotcheck,1
foiaing,1
57,1
datascientific,1
academia,1
cleanly,1
mongodb,1
pythonpandas,1
considerations,1
strenuous,1
dangerous,1
disclaimer,1
herein,1
construed,1
exhaustive,1
equalopportunity,1
poverty,1
arrest,1
conviction,1
yearjob,1
nominations,1
rfps,1
scholarship,1
fund,1
assoc,1
scholarships,1
populate,1
donors,1
proposed,1
storiescontent,1
constituents,1
centered,1
philanthropy,1
acknowledgments,1
customized,1
pledge,1
reminders,1
khbs,1
uptotheminute,1
highway,1
technicaloperational,1
quickthinking,1
mixing,1
repairing,1
encoding,1
fixes,1
templates,1
stylize,1
hourly,1
highenergy,1
flows,1
grading,1
reprioritize,1
shifting,1
composer,1
blanket,1
ktka,1
ktmj,1
ksnf,1
joplin,1
mopittsburg,1
halfhour,1
politicallyminded,1
responsibilitiesbuild,1
competitorsdevelop,1
storiescollect,1
observationgather,1
presentationsshoots,1
shotsproduce,1
deadlineplay,1
knowledgeskillsabilitiesexcellent,1
skillsteam,1
personnelproficient,1
applicableproficient,1
sitesadept,1
teleprompterspossess,1
environmentmentalphysical,1
eoeminoritiesfemalesveteransdisabled,1
aesthetically,1
treatments,1
archiving,1
nle,1
nbcunicareerscom,1
job1204748,1
hartford,1
ct,1
ibew,1
aftereffects,1
nuclear,1
waste,1
quirky,1
viral,1
talker,1
vod,1
protocol,1
grass,1
professionalism,1
wvit,1
cityhartford,1
wordpresscontent,1
systemswealthfront,1
saving,1
children,1
largely,1
millennials,1
unconventional,1
hearts,1
demographic,1
hairy,1
combines,1
discoverable,1
money,1
inspirational,1
curiosityyou,1
repackaging,1
seasonality,1
differentiate,1
58,1
incredibly,1
nice,1
haves,1
deserves,1
automate,1
finances,1
advice,1
algorithms,1
scalable,1
deploy,1
missioncritical,1
experiencemicrosoft,1
officektnv,1
las,1
vegas,1
total,1
locallyconnected,1
rightktnvs,1
boulevard,1
proudly,1
doctor,1
cross,1
budgetary,1
relationsgoogle,1
analyticsjournalismseographic,1
designthe,1
president,1
developer,1
ur,1
staffer,1
bureaulike,1
legislative,1
hangout,1
100assisting,1
dashboard,1
depict,1
photograph,1
queries,1
advisories,1
developcoordinate,1
publicationsbroadcast,1
educationrelated,1
collegespecific,1
providepromote,1
urvp,1
preparedness,1
evaluationessential,1
sw,1
filming,1
buildingmanaging,1
typical,1
pursuant,1
0407020,1
atwill,1
promoted,1
retreat,1
fairbanks,1
specified,1
httpswwwuafeduchancellorinitiativesandpoliciespolicy0407010php,1
httpwwwuafedutobaccofreecampus,1
actionequal,1
childbirth,1
parenthood,1
universitys,1
admission,1
uas,1
wwwalaskaedunondiscrimination,1
alaskan,1
daylight,1
poll,1
inputs,1
methodologically,1
liaising,1
intelligenceworking,1
worthiness,1
topicsassessing,1
standardssynthesizing,1
quicklywriting,1
deadlinesmaintaining,1
oil,1
petroleum,1
lpg,1
coal,1
bioenergy,1
emissions,1
indexation,1
reliability,1
nontransparent,1
headquartered,1
kiev,1
rio,1
de,1
janeiro,1
sydney,1
astana,1
riga,1
dubai,1
salarygroup,1
saturday,1
longest,1
1845,1
scientificamericancom,1
translated,1
editorreporter,1
authoritative,1
enthusiasts,1
leadersnow,1
healthmedical,1
amounts,1
wellstructured,1
transit,1
wwwspringernaturecomeditorialandpublishingjobs,1
array,1
pioneer,1
13000,1
turnover,1
eur,1
formed,1
merger,1
palgrave,1
sciencebusiness,1
wayinvestigators,1
marquee,1
skillsdevelops,1
tipswrites,1
onairis,1
pronunciation,1
storiesutilizes,1
guidebreaks,1
skillsfield,1
neededworks,1
showproduces,1
sweep,1
periodcreates,1
systemdevelops,1
contactsparticipates,1
ustnmemphis485,1
highland,1
variable,1
touch,1
culver,1
shehe,1
hires,1
editoreast,1
meld,1
interviewed,1
thematically,1
monitors,1
recommends,1
forums,1
considerable,1
worklife,1
affirmatively,1
nprextra,1
nprlife,1
nprorgcareers,1
nprjobs,1
kongbased,1
specialise,1
commerce,1
09nov18,1
jhk100003006619352,1
exists,1
titlesin,1
asiarequirements,1
outgoing,1
putonghua,1
clicking,1
button,1
quoting,1
852,1
3752,1
0515,1
wwwinitiativecomhk,1
vacancies,1
